Message,Message_Token,Message_Tagged,Hatespeech_Level,Hatespeech,Sentiment,hatx,Emotion
ไปตรวจชื้อทำไมเครื่องคนไทยจะตายอยุ่แล้วคนไทยไปอยุ่ประเทศพม่าชิ..มันไล่คนไทยออกจากประเทศเขา..แต่คนไทยกับรัยพม่าเข้าเต็มบ้านเมืองเลย,ไปตรวจ|ชื้อ|ทําไม|เครื่อง|คนไทย|จะตาย|อยุ่|แล้ว|คนไทย|ไป|อยุ่|ประเทศพม่า|ชิ|มัน|ไล่|คนไทย|ออกจาก|ประเทศ|เขา|แต่|คนไทย|กับ|รัย|พม่า|เข้า|เต็ม|บ้านเมือง|เลย,ไปตรวจ|ชื้อ|ทําไม|เครื่อง|#คนไทย|#จะตาย|#อยู่|#แล้ว|คนไทย|ไป|อยู่|ประเทศพม่า|ชิ|มัน|ไล่|คนไทย|ออกจาก|ประเทศ|เขา|แต่|คนไทย|กับ|รัย|พม่า|เข้า|เต็ม|บ้านเมือง|เลย,-1,Hatespeech,Negative,ไปตรวจ ชื้อ ทําไม เครื่อง #คนไทย #จะตาย #อยู่ #แล้ว คนไทย ไป อยู่ ประเทศพม่า ชิ มัน ไล่ คนไทย ออกจาก ประเทศ เขา แต่ คนไทย กับ รัย พม่า เข้า เต็ม บ้านเมือง เลย,Anger
คาดว่า ถ้าพม่า กลุ่มไหนตายก่อน น่าจะเป็น กลุ่มนั้น ที่ นำเชื้อ เข้ามา #เป็นการคาดการณ์นะค่ะ,คาดว่าถ้าพม่า|กลุ่มไหน|ตาย|ก่อน| |น่าจะเป็น|กลุ่มนั้น| |ที่| |นํา|เชื้อ| |เข้ามา|เป็นการคาดการณ์|นะค่ะ,คาดว่าถ้า|#พม่า|กลุ่มไหน|#ตาย|ก่อน| |น่าจะเป็น|กลุ่มนั้น| |ที่| |#นํา|#เชื้อ| |#เข้ามา|เป็นการคาดการณ์|นะค่ะ,-1,Hatespeech,Negative,คาดว่าถ้า #พม่า กลุ่มไหน #ตาย ก่อน   น่าจะเป็น กลุ่มนั้น   ที่   #นํา #เชื้อ   #เข้ามา เป็นการคาดการณ์ นะค่ะ,Anger
ถ้ายอมรักษาให้ฟรีทุกกรณี แม้แต่แรงงานผิดกฏหมายพวกพม่าอาจลักลอบเข้ามาเพิ่มขึ้น เพราะดีกว่านอนรอความตายที่พม่า เราว่าไม่ควรรักษาฟรี,ถ้ายอม|รักษา|ให้|ฟรี|ทุกกรณี|แม้แต่แรงงาน|ผิดกฏหมาย|พวก|พม่า|อาจ|ลักลอบ|เข้ามา|เพิ่มขึ้น|เพราะดีกว่า|นอน|รอ|ความตาย|ที่|พม่า|เราว่าไม่ควร|รักษา|ฟรี,ถ้ายอม|รักษา|ให้|ฟรี|ทุกกรณี|แม้แต่แรงงาน|ผิดกฏหมาย|#พวก|#พม่า|#อาจ|#ลักลอบ|#เข้ามา|#เพิ่มขึ้น|#เพราะดีกว่า|#นอน|#รอ|#ความตาย|#ที่|#พม่า|เราว่าไม่ควร|รักษา|ฟรี,-1,Hatespeech,Negative,ถ้ายอม รักษา ให้ ฟรี ทุกกรณี แม้แต่แรงงาน ผิดกฏหมาย #พวก #พม่า #อาจ #ลักลอบ #เข้ามา #เพิ่มขึ้น #เพราะดีกว่า #นอน #รอ #ความตาย #ที่ #พม่า เราว่าไม่ควร รักษา ฟรี,Anger
เราไม่เคยรังเกียจเราคือเพื่อนกันพี่น้องกันผมเคยไปหากินที่พม่าเค้าดูแลผมดีมากขอบคุณเช่นกัน,เราไม่เคย|รังเกียจ|เรา|คือ|เพื่อนกัน|พี่น้อง|กัน|ผมเคย|ไป|หากิน|ที่|พม่า|เค้า|ดูแล|ผม|ดีมาก|ขอบคุณ|เช่นกัน,,1,Nonhatespeech,Neutral,,trust
ปิดประเทศแทบตายสุดท้ายโดนพม่าตีเมือง สองวันติด 689 คน เสียกรุงครั้งที่ 3 #สู้โควิดด้วยกัน? #Covid_19 #โควิดสมุทรสาคร,ปิด|ประเทศ|แทบตาย|สุดท้าย|โดน|พม่า|ตี|เมือง| |สองวัน|ติด|คน |เสีย|กรุง|ครั้งที่| |สู้|โค|วิด|ด้วยกัน| |โค|วิด|สมุทรสาคร,,0,Nonhatespeech,Positive,,Others
พม่ามันไวจะตาย คนไทยไม่ทัน .มันส่งภาษากะโดดหายเลย,พม่า|มัน|ไว|จะตาย| |คนไทย|ไม่ทัน|มันส่ง|ภาษา|กะ|โดด|หาย|เลย,#พม่า|#มัน|#ไว|#จะตาย| |คนไทย|ไม่ทัน|มันส่ง|ภาษา|กะ|โดด|หาย|เลย,-1,Hatespeech,Negative,#พม่า #มัน #ไว #จะตาย   คนไทย ไม่ทัน มันส่ง ภาษา กะ โดด หาย เลย,disagreeable
ตายชะพม่า,ตาย|ชะ|พม่า,#ตาย|#ชะ|#พม่า,-2,Hatespeech,Negative,#ตาย #ชะ #พม่า,Anger
เมืองไทยยุวด้กับพม่า พม่าช่วยทำงานส่งออกห้ เลยสงสารพม่า คุนหมอบอกว่าสงสารเขา เขาม่สบายเราต้องช่วยกันรักษา พอคนไทยอดมื้อกินมื้อม่สนใจ น้ำท่วมภาคใต้เกือบทุกจว.มาแค่นครก้อกลับ พอรอบสองน้ำท่วมหนักชายแดนใต้ม่เหนหัวสักคน เวรกรรม,เมืองไทย|ยุว|ด้|กับ|พม่า| |พม่า|ช่วย|ทํางาน|ส่งออก|ห้| |เลย|สงสาร|พม่า| |คุน|หมอบอกว่า|สงสาร|เขา|เขาม่|สบาย|เราต้อง|ช่วยกัน|รักษา|พอคนไทย|อด|มื้อ|กิน|มื้อ|ม่|สนใจ| |น้ําท่วม|ภาคใต้|เกือบทุก|จว|มา|แค่|นคร|ก้อ|กลับ|พอรอบสอง|น้ําท่วม|หนัก|ชายแดนใต้|ม่|เหน|หัว|สักคน| |เวรกรรม,,1,Nonhatespeech,Neutral,,trust
แรงงานผิดกฏหมายนี้แหละจะแพร่เชื้อ...เขาก็รู้ถ้าถูกจับได้แล้วจะมีผลอย่างไรในอนาคต..คงจะหนี้ไปเรื่อยๆ ไม่กลับพม่า ก็ไปสถานที่อื่นที่ยังมีเพื่อน พี่ น้อง จะคุมการระบาดยาก. คนไทยที่รับแรงงานพม่าผิดกฏหมายมาทำงานละ..????..เราอยู่กับโควิคมาหลายเดือนแล้ว....คนที่รับแรงงานผิดกฏหมายมาทำงานคิดอย่างไร???,แรงงาน|ผิดกฏหมาย|นี้แหละ|จะ|แพร่|เชื้อ|เขาก็|รู้|ถ้า|ถูกจับ|ได้แล้ว|จะมีผล|อย่างไร|ในอนาคต|คงจะ|หนี้|ไปเรื่อยๆ|ไม่กลับ|พม่า| |ก็ไป|สถานที่|อื่นที่|ยังมี|เพื่อน|พี่น้องจะคุม|การระบาด|ยาก| |คนไทย|ที่รับ|แรงงาน|พม่า|ผิดกฏหมาย|มาทํางาน|ละ|เรา|อยู่กับ|โค|วิค|มาหลาย|เดือนแล้ว|คนที่|รับ|แรงงาน|ผิดกฏหมาย|มาทํางาน|คิดอย่างไร,,0,Nonhatespeech,Positive,,Anticipation
อย่างน้อยผมก็ไม่ได้ว่าพวกคุณ..สู้ๆๆครับ...เราจะสู้ไปด้วยกัน....โรคร้ายหาย..ผมจะไปหาสาวพม่าสักคนครับ..มีไหม.....อย่าว่าผมเด้อ..อิอิๆๆ,อย่างน้อยผมก็|ไม่ได้ว่า|พวกคุณ|สู้ๆๆ|ครับ|เราจะ|สู้|ไปด้วยกัน|โรคร้าย|หาย|ผม|จะไปหา|สาว|พม่า|สักคน|ครับ|มี|ไหม|อย่า|ว่าผม|เด้อ|อิอิ|ๆๆ,,1,Nonhatespeech,Neutral,,trust
ควายโทษแต่ชาวบ้านแรงพม่านำโรคเข้ามาทั้งนั้นกูกักตัวแทปตายสัส,ควาย|โทษ|แต่|ชาวบ้าน|แรง|พม่า|นํา|โรค|เข้ามา|ทั้งนั้น|กู|กักตัว|แท|ป|ตาย|สัส,#ควาย|#โทษ|แต่|ชาวบ้าน|แรง|#พม่า|#นํา|#โรค|เข้ามา|ทั้งนั้น|กู|#กักตัว|#แทบ|#ตาย|#สัส,-1,Hatespeech,Negative,#ควาย #โทษ แต่ ชาวบ้าน แรง #พม่า #นํา #โรค เข้ามา ทั้งนั้น กู #กักตัว #แทบ #ตาย #สัส,Anger
ขอเป็นกำลังใจให้เพื่อนบ้านชาวพม่าทุกคนค่ะ,ขอเป็น|กําลังใจ|ให้|เพื่อนบ้าน|ชาวพม่า|ทุกคน|ค่ะ,,1,Nonhatespeech,Neutral,,trust
ขอบคุณคนไทยมีน้ำใจช่วยเหลือชาวพม่านะคะขอบคุณจริงๆค่ะ,ขอบคุณคนไทย|มีน้ําใจ|ช่วยเหลือ|ชาวพม่า|นะคะ|ขอบคุณ|จริงๆค่ะ,,1,Nonhatespeech,Neutral,,trust
You Do You รัฐบาลเฮงซวย แพทย์ท่านนึงกล่าวว่า ไวรัสจะไม่สามารถเข้าโจมตีร่างกายมนุษย์ได้ถ้าร่างกายมีภูมิต้านที่ดี คนแก่ตั้ง 65 ปีขึ้นไป คนที่มีความเครียด ซึมเศร้า และอื่นๆ แทนที่จะมาหาวิธี ป้องกัน ให้ปชช นอกจากบอกสวมแมส ล้างมือ ควรแนะนำ เสริมสร้างร่างกายแบบไหน และ วัคซีนจะมาเมื่อไหร่ ทวีศิลป์ กลับมาสร้างความกลัวแตกตื่นให้ปชช,รัฐบาลเฮงซวย| |แพทย์|ท่าน|นึง|กล่าวว่า| |ไวรัส|จะไม่|สามารถเข้า|โจมตี|ร่างกาย|มนุษย์|ได้|ถ้า|ร่างกาย|มี|ภูมิ|ต้าน|ที่ดี| |คนแก่|ตั้ง| |ปีขึ้นไป| |คนที่มี|ความเครียด| |ซึมเศร้า| |และอื่นๆ|แทนที่จะมา|หาวิธี| |ป้องกัน| |ให้|ปชช|นอกจากบอก|สวม|แมส| |ล้างมือ|ควรแนะนํา| |เสริมสร้าง|ร่างกาย|แบบไหน|และ |วัคซีน|จะมา|เมื่อไหร่| |ทวี|ศิลป์| |กลับมา|สร้างความ|กลัว|แตกตื่น|ให้|ปชช,,0,Nonhatespeech,Neutral,,Others
มีเพื่อนร่วมงานเป็นพม่าเหมือนกัน นิสัยดี ขยัน,มีเพื่อน|ร่วมงาน|เป็น|พม่า|เหมือนกัน| |นิสัยดี| |ขยัน,,1,Nonhatespeech,Neutral,,trust
มันหน้าที่กูหรอที่ต้องช่วยเหลือ ดูแลตัวเองกับครอบครัวก็เหนื่อยจะแย่แล้ว ความผิดใครปล่อยพม่าเข้ามารับส่วยจนเคยชิน ไอ้พวกราชการเซงเคร็ง ใครๆก็รู้มหาชัยดงพม่าชัดๆพึ่งย้ายมาอยู่ไทยหรือไง,มันหน้าที่|กู|หรอ|ที่ต้อง|ช่วยเหลือ| |ดูแลตัวเอง|กับ|ครอบครัว|ก็|เหนื่อย|จะ|แย่|แล้ว| |ความผิด|ใคร|ปล่อย|พม่า|เข้ามา|รับ|ส่วย|จน|เคย|ชิน| |ไอ้พวก|ราชการ|เซง|เคร|็ง| |ใครๆก็|รู้|มหาชัย|ดง|พม่า|ชัดๆ|พึ่ง|ย้ายมาอยู่|ไทย|หรือไง,,0,Nonhatespeech,Positive,,Others
เราจ๊ะสู้ไปด้วยกันนะ//ขอให้คนพม่าและคนไทยทุกคนที่ดิดโควิด 19 หายไวๆๆกลับมาแข็งแรงเหมือนเดิมค่ะสู้ๆๆๆค่ะเป็นกำลังใจให้ทุกๆๆคน,เราจ๊ะ|สู้|ไปด้วยกัน|นะ|ขอให้|คน|พม่า|และ|คนไทยทุกคน|ที่|ดิ|ด|โค|วิด| |หายไวๆ|ๆ|กลับมา|แข็งแรง|เหมือนเดิม|ค่ะ|สู้ๆๆ|ๆ|ค่ะ|เป็น|กําลังใจ|ให้|ทุกๆ|ๆ|คน,,1,Nonhatespeech,Neutral,,trust
โปรไฟล์ไม่มี แต่เป็นของดีประจำจังหวัด นั้นข้าต้องเผาเมืองทิ้งเป็นแน่พม่าจะบุกมากกว่านี้,โปรไฟล์|ไม่มี|แต่เป็นของ|ดี|ประจํา|จังหวัด| |นั้น|ข้า|ต้อง|เผา|เมือง|ทิ้ง|เป็น|แน่|พม่า|จะ|บุก|มากกว่านี้,,0,Nonhatespeech,Positive,,Others
# ไทยแลนด์สู้ๆ..พี่น้องพม่าสู้ๆ# ::: ขอบคุณและให้กำลังใจคุณหมอคุณพยาบาลทีมงานทุกคนทุกฝ่าย..คนไทยทุกคน ::: สู้โว้ย ตามนี้,ไทยแลนด์|สู้ๆ|พี่น้อง|พม่า|สู้ๆ|ขอบคุณและให้|กําลังใจ|คุณหมอ|คุณ|พยาบาล|ทีมงาน|ทุกคน|ทุกฝ่าย|คนไทยทุกคน| |สู้|โว้ย| |ตามนี้,,1,Nonhatespeech,Neutral,,trust
ไปด่าเขาทําไมมันเกิดขึ้นแล้วเราต้องช่วยกันไม่ว่าเขาจะเป็นพม่าหรึอไทยเราคนรักกันเข้ามันเป็นกรรมของมนุษย์,ไป|ด่า|เขา|ทําไมมัน|เกิดขึ้น|แล้ว|เราต้อง|ช่วยกัน|ไม่|ว่าเขาจะ|เป็น|พม่า|ห|รึ|อ|ไทย|เรา|คน|รักกัน|เข้า|มันเป็น|กรรม|ของมนุษย์,,1,Nonhatespeech,Neutral,,trust
เอามาอีกพม่านะให้มันตายห้าเมิดสะ,เอามา|อีก|พม่า|นะ|ให้มัน|ตาย|ห้า|เ|มิด|สะ,เอามา|อีก|พม่า|นะ|#ให้มัน|#ตาย|#ห้า|#เมิด|#สะ,-1,Hatespeech,Negative,เอามา อีก พม่า นะ #ให้มัน #ตาย #ห้า #เมิด #สะ,Anger
บอกให้คนพม่าที่คุย?รู้เรื่อง?บอกพี่น้อง?ชาว?พม่าอย่าพึ่งมาตอนนี้ไก้ไหม.. บอกมันให้หน่อยขอร้อง,บอกให้|คน|พม่า|ที่|คุย|รู้เรื่อง|บอก|พี่น้อง|ชาวพม่า|อย่าพึ่ง|มา|ตอนนี้|ได้|ไหม|บอกมัน|ให้หน่อย|ขอร้อง,,0,Nonhatespeech,Negative,,Sadness
พม่ามันยึดสมุทรสาครได้แล้วจริงๆ ส่งไส้ศึกมาขนาดนี้งามไส้แล้ว ยังจะมาอีก60000ทัพหลวง เมืองหน้าด่านต้องแข็งระดับไหนถึงจะรอด ยิงแมร่งทิ้งๆๆๆใครเข้ามาแบบผิดๆ,พม่า|มัน|ยึด|สมุทรสาคร|ได้แล้ว|จริงๆ| |ส่ง|ไส้|ศึก|มา|ขนาดนี้|งาม|ไส้|แล้ว| |ยังจะ|มาอีก|ทัพ|หลวง| |เมือง|หน้า|ด่าน|ต้อง|แข็ง|ระดับ|ไหน|ถึง|จะรอด| |ยิง|แมร่ง|ทิ้ง|ๆๆๆ|ใคร|เข้ามา|แบบ|ผิดๆ,#พม่า|มัน|#ยึด|#สมุทรสาคร|ได้แล้ว|จริงๆ| |ส่ง|ไส้|ศึก|มา|ขนาดนี้|งาม|ไส้|แล้ว| |ยังจะ|มาอีก|ทัพ|หลวง| |เมือง|หน้า|ด่าน|ต้อง|แข็ง|ระดับ|ไหน|ถึง|จะรอด| |#ยิง|#แมร่ง|#ทิ้ง|ๆๆๆ|ใคร|เข้ามา|แบบ|ผิดๆ,-2,Hatespeech,Negative,#พม่า มัน #ยึด #สมุทรสาคร ได้แล้ว จริงๆ   ส่ง ไส้ ศึก มา ขนาดนี้ งาม ไส้ แล้ว   ยังจะ มาอีก ทัพ หลวง   เมือง หน้า ด่าน ต้อง แข็ง ระดับ ไหน ถึง จะรอด   #ยิง #แมร่ง #ทิ้ง ๆๆๆ ใคร เข้ามา แบบ ผิดๆ,Anger
ฝายหลวง ป่าไม้แดง เอาพม่าไปฆ่าของให้หมดครับ?55,ฝาย|หลวง| |ป่าไม้|แดง|เอาพม่า|ไป|ฆ่า|ของ|ให้หมด|ครับ,ฝาย|หลวง| |ป่าไม้|แดง|#เอาพม่า|#ไป|#ฆ่า|ของ|#ให้หมด|ครับ,-2,Hatespeech,Negative,ฝาย หลวง   ป่าไม้ แดง #เอาพม่า #ไป #ฆ่า ของ #ให้หมด ครับ,Anger
แยกให้เค้า ไปอยู่ สักที่ สถานที่ ที่จัดให้ นายจ้างคงไม่ตายหรอก หากไม่มี พม่า สัก 2 อาทิต,แยก|ให้เค้า| |ไปอยู่| |สัก|ที่| |สถานที่| |ที่|จัดให้| |นายจ้าง|คงไม่|ตาย|หรอก| |หากไม่มี| |พม่า| |สัก| |อาทิ|ต,,0,Nonhatespeech,Positive,,Others
ไม่ว่าจะเป็นต่างด้าวเขาก็คนเหมือนกันในเมื่อมันเกิดขึ้นแล้วต้องดูแลรักษาจะไม่ออกมาติดคนไทยเกิดเป็นมนุษย์ต้องมีน้ำใจบ้างไม่ใช่ว่าด่าๆๆเห็นความผิดพม่าเท่าภูเขาเลยหรอสงสารเขาบ้างจากบ้านมาไกรพูดภาษาไทยไม่ได้ถ้าตัวเองเจอแบบนี้จะรู้สืกอยังไง,ไม่ว่าจะเป็น|ต่างด้าว|เขาก็|คน|เหมือนกัน|ในเมื่อ|มัน|เกิดขึ้น|แล้ว|ต้อง|ดูแลรักษา|จะไม่|ออกมา|ติด|คนไทย|เกิด|เป็นมนุษย์|ต้อง|มีน้ําใจ|บ้าง|ไม่ใช่ว่า|ด่า|ๆๆ|เห็น|ความผิด|พม่า|เท่า|ภูเขา|เลยหรอ|สงสาร|เขา|บ้าง|จากบ้าน|มา|ไกร|พูด|ภาษาไทย|ไม่ได้|ถ้า|ตัวเอง|เจอแบบนี้|จะรู้|ส|ื|กอ|ยังไง,,1,Nonhatespeech,Neutral,,trust
รู้วันเกิด ไม่รู้วันตาย น่าจะให้พวกพม่านี้ไปทำงานที่ทำเนียบรัฐบาลน่ะ...มันจะได้ติดกันทั้งมำเนียบแล้วมันเอามากักตัวให้เปลืองข้าวเปลืองน้ำทำไมทำไมไส่ส่งกลับประเทศพม่าไป,รู้วันเกิด|ไม่รู้วัน|ตาย|น่าจะให้|พวก|พม่า|นี้|ไปทํางาน|ที่|ทําเนียบ|รัฐบาล|น่ะ|มันจะ|ได้|ติดกัน|ทั้ง|ม|ํา|เนีย|บ|แล้วมัน|เอามา|กักตัว|ให้|เปลือง|ข้าว|เปลือง|น้ํา|ทําไม|ทําไม|ไส|่|ส่งกลับ|ประเทศพม่า|ไป,#รู้วันเกิด|#ไม่รู้วัน|#ตาย|น่าจะให้|#พวก|#พม่า|นี้|ไปทํางาน|ที่|ทําเนียบ|รัฐบาล|น่ะ|มันจะ|ได้|ติดกัน|ทั้ง|ทำ|เนียบ|แล้วมัน|เอามา|กักตัว|ให้|#เปลือง|#ข้าว|#เปลือง|#น้ำ|ทําไม|ทําไม|ไม่|#ส่งกลับ|#ประเทศพม่า|#ไป,-1,Hatespeech,Negative,#รู้วันเกิด #ไม่รู้วัน #ตาย น่าจะให้ #พวก #พม่า นี้ ไปทํางาน ที่ ทําเนียบ รัฐบาล น่ะ มันจะ ได้ ติดกัน ทั้ง ทำ เนียบ แล้วมัน เอามา กักตัว ให้ #เปลือง #ข้าว #เปลือง #น้ำ ทําไม ทําไม ไม่ #ส่งกลับ #ประเทศพม่า #ไป,Anger
ณ ที่แห่งนี้สมุทรสาคร ผมอยู่ที่นี่ห่างจาก ตลาดทะเลไทย 8กม. พี่น้องที่อยู่หมู่บ้านนี้ มีแต่รง. คนไทย7000 พม่า3-4 พัน ผมไม่เห็นเขาวิตกกังวนจนเกินเหตุ ผมก็พึ่งไปซื้อของที่มหาชัยมา ไม่ได้ประมาทนะครับใส่แมสล้างมือตลอด,ณ| |ที่|แห่งนี้|สมุทรสาคร|ผมอยู่ที่นี่|ห่างจาก| |ตลาด|ทะเล|ไทย| |กม| |พี่น้อง|ที่อยู่|หมู่บ้าน|นี้|มีแต่รง| |คนไทย| |พม่า| |พัน|ผมไม่เห็นเขา|วิตก|กัง|วน|จน|เกิน|เหตุ|ผมก็พึ่ง|ไปซื้อ|ของ|ที่|มหาชัย|มา|ไม่ได้ประมาท|นะครับ|ใส่|แมส|ล้างมือ|ตลอด,,0,Nonhatespeech,Positive,,Others
ไม่เห็นใจพวกนี้เชื้อมาแพร่ อยุ่ประเทศตัวเอง มีการรักษาจริงจังหรือเปล่า ทุกวันนี้ไปหาหมอที่ร.พ.เจอแต่พม่า คนไทยต้องรอพม่าตรวจเสร็จคนไทยถึงได้ตรวจ,ไม่เห็นใจ|พวกนี้|เชื้อ|มา|แพร่| |อยุ่|ประเทศ|ตัวเอง|มีการรักษา|จริงจัง|หรือเปล่า|ทุกวันนี้ไปหาหมอ|ที่|รพ|เจอ|แต่|พม่า| |คนไทย|ต้องรอ|พม่า|ตรวจ|เสร็จ|คนไทย|ถึงได้|ตรวจ,,0,Nonhatespeech,Positive,,Others
ส่งผล วังทะพันธ์ เบื่อกับคำว่าผ่านไปแล้ว ทั้งที่บางเรื่องมันป้องกันตั้งแต่ต้นได้ พม่ามีข่าวระบาดหนัก ต้องมีทะลักเข้าชายแดนมาบ้าง มีอำนาจ มีคนอยู่ในมือ ทำไมจะป้องกันไม่ได้ ปากบอกอย่าชุมนุมกัน แต่ปล่อยให้บ่อนเปิด แบ้วว่าไม่รู้ว่ามีบ่อน ลักลอบเข้าเมือง ก็ไปจับพวกที่พาเข้ามา ซึ่งก็รู้ว่าส่วนนึง มาจากเจ้าหน้าที่รัฐรับสินบน จับไปสิ จับให้หนัก ทำผลงานให้เห็น แล้วประชาชนจะศรัทธา ขอให้ทำอะไรก็จะช่วย เพราะแสดงให้เห็นว่ารัฐทำเต็มที่แล้ว วันก่อนขอความเห็นใจ ขอให้ช่วยเหลือชาวต่างด้าวที่เป็นสาเหตุส่วนหนึ่งให้โรคกลับมาระบาด แต่มาวันนี้กลับขู่ฟ่อๆเหมือนงูเห่าใส่คนไทยที่บางคนปฏิบัติตัวดีมาตลอด แต่ต้องมารับกรรม เพราะความละเลยของรัฐ มันใช่แล้วเหรอคะ รัฐช่วยทำงานของรตัวเองให้เต็มที่ก่อนเถอะค่ะ,ส่งผล| |วัง|ทะ|พันธ์|เบื่อกับ|คําว่า|ผ่านไป|แล้ว| |ทั้งที่|บางเรื่อง|มัน|ป้องกัน|ตั้งแต่ต้น|ได้| |พม่า|มีข่าว|ระบาด|หนัก| |ต้องมี|ทะลัก|เข้า|ชายแดน|มาบ้าง| |มีอํานาจ|มีคนอยู่ในมือ|ทําไมจะ|ป้องกัน|ไม่ได้| |ปาก|บอก|อย่า|ชุมนุม|กัน|แต่ปล่อยให้|บ่อน|เปิด| |แบ้|ว|ว่า|ไม่รู้ว่า|มี|บ่อน| |ลักลอบ|เข้าเมือง| |ก็ไป|จับ|พวกที่|พ|า|เข้ามา|ซึ่งก็รู้ว่า|ส่วนนึง| |มาจาก|เจ้าหน้า|ที่รัฐ|รับ|สินบน|จับไป|สิ|จับให้|หนัก| |ทําผลงาน|ให้เห็น|แล้วประชาชน|จะ|ศรัทธา|ขอให้ทําอะไรก็|จะช่วย|เพราะแสดงให้|เห็นว่า|รัฐ|ทํา|เต็มที่|แล้ว| |วันก่อน|ขอความ|เห็นใจ|ขอให้ช่วยเหลือ|ชาว|ต่างด้าว|ที่|เป็นสาเหตุ|ส่วนหนึ่ง|ให้|โรค|กลับมา|ระบาด|แต่มา|วันนี้|กลับ|ขู่|ฟ|่อ|ๆ|เหมือน|งูเห่า|ใส่|คนไทย|ที่|บางคน|ปฏิบัติ|ตัว|ดี|มาตลอด| |แต่ต้อง|มารับ|กรรม| |เพราะความ|ละเลย|ของรัฐ| |มันใช่|แล้ว|เหรอคะ| |รัฐ|ช่วย|ทํางาน|ของ|ร|ตัวเอง|ให้เต็มที่|ก่อน|เถอะค่ะ,,0,Nonhatespeech,Positive,,Others
ตายๆพม่าเถื่อนอีกตามบ่อกุ้งหนีผิดกฎหมายอีก,ตาย|ๆ|พม่า|เถื่อน|อีก|ตาม|บ่อ|กุ้ง|หนี|ผิดกฎหมาย|อีก,#ตาย|ๆ|#พม่า|#เถื่อน|อีก|ตาม|บ่อ|กุ้ง|#หนี|#ผิดกฎหมาย|อีก,-1,Hatespeech,Negative,#ตาย ๆ #พม่า #เถื่อน อีก ตาม บ่อ กุ้ง #หนี #ผิดกฎหมาย อีก,Anger
ในอดีตพม่ายกทัพตีบ้านเผาเมืองเรา ปัจจุบัน..พม่าเข้ามาตั้งรกรากทำงานในไทยพร้อมทั้งทำเศรษฐกิจไทยวอดวาย,ในอดีต|พม่า|ยกทัพ|ตี|บ้าน|เผา|เมือง|เรา|ปัจจุบันพม่า|เข้ามา|ตั้ง|รก|ราก|ทํางานใน|ไทย|พร้อมทั้ง|ทํา|เศรษฐกิจ|ไทย|วอด|วาย,,0,Nonhatespeech,Positive,,Others
ดีกว่าพวกชอบประชดประชันเยอะเลย พม่าก้อคนเหมือนกัน เขามาทำงานไม่ได้มาขอทาน เหมือนคนไทยทำงานเกาหลีนั่นละ หัดมีความสงสารเห็นใจให้เพื่อนมนุษย์บ้างนะ,ดีกว่า|พวก|ชอบ|ประชด|ประชัน|เยอะเลย| |พม่า|ก้อ|คน|เหมือนกัน|เขามาทํางาน|ไม่ได้|มา|ขอทาน|เหมือนคนไทย|ทํางาน|เกาหลี|นั่น|ละ| |หัด|มีความ|สงสาร|เห็นใจ|ให้เพื่อน|มนุษย์|บ้างนะ,,1,Nonhatespeech,Neutral,,trust
ฆ่าศึกครั้งนี้มันใหญ่หลวงยิ่งนัก ท่านเจ้าพี่จะทำเยี่ยงไรเจ้าค่ะ พม่ายกทับมาเยี่ยงนี้ น้องหวั่นเหลือเกิน ??,ฆ่า|ศึก|ครั้งนี้|มัน|ใหญ่หลวง|ยิ่งนัก|ท่านเจ้า|พี่|จะทํา|เยี่ยง|ไร|เจ้าค่ะ| |พม่า|ยก|ทับ|มา|เยี่ยง|นี้|น้องหวั่น|เหลือเกิน,,0,Nonhatespeech,Positive,,Others
ยิ่งกว่า พม่าเผากรุงศรีฯ,ยิ่งกว่า| |พม่า|เผา|กรุงศรี|ฯ,ยิ่งกว่า| |#พม่า|#เผา|#กรุงศรี|ฯ,-1,Hatespeech,Negative,ยิ่งกว่า   #พม่า #เผา #กรุงศรี ฯ,Sadness
เลือกเกิดไม่ได้จริงๆมนุย เข้าใจคนไทยในสถานการแบบนี้ เห็นใจพวกพม่าบ้างคน..แต่สงสัยทำไมนายจ้างถึงไม่ตรวจสอบสุขภาพพวกเค้าดีๆก่อนส่งมาทำงาน..สมุทรปราการตอนนี้ไม่ค่อยมีใครกล้าออกตลาดเท่าไหร่..เห็นใจทั้งสองฝ่ายจริง..ยังงัยขอสิ่งศักสิทเมตตามวลมนุยให้โรคร้ายนี้หายไปสักที,เลือก|เกิด|ไม่ได้|จริงๆ|ม|นุ|ย| |เข้าใจ|คนไทย|ใน|สถาน|การ|แบบนี้| |เห็นใจ|พวก|พม่า|บ้าง|คน|แต่|สงสัย|ทําไม|นายจ้าง|ถึงไม่|ตรวจสอบ|สุขภาพ|พวกเค้า|ดีๆ|ก่อน|ส่ง|มาทํางาน|ส|มุทรปราการ|ตอนนี้|ไม่ค่อยมี|ใคร|กล้า|ออก|ตลาด|เท่าไหร่|เห็นใจ|ทั้งสอง|ฝ่าย|จริง|ยังงัย|ขอ|สิ่ง|ศัก|สิ|ท|เมตตา|มวล|ม|นุ|ย|ให้|โรคร้าย|นี้|หายไป|สักที,,1,Nonhatespeech,Neutral,,trust
"ผู้ว่าฯสมุทรสาคร ได้แถลงพบติดเชื้อโควิด-19 เพิ่มอีก 3 ราย รวมเป็น 7 คน เร่งเช็คไทม์ไลน์ . จากกรณี พบหญิงไทยวัย 67 ปี เจ้าของแพกุ้ง ใน จ.สมุทสาคร ติดเชื้อโควิด-19 สามารถยืนยันเชื้อได้ เมื่อวันที่ 17 ธันวาคม ที่ผ่านมา . ตอนนี้ได้ตรวจเชื้อ โควิด-19 ลูกชายกับเพื่อนลูกชาย ผลออกมา ไม่พบติดเชื้อ ส่วนการตรวจเชื้อผู้ใกล้ชิดอีก 5 ราย พบว่า พี่สาว,มารดา,น้องสะใภ้ ของหญิงวัย 67 ปี พบติดเชื้อโควิด-19 . และล่าสุด ราว 19.30 น. ของวันนี้ (18 ธ.ค.) นายวีระศักดิ์ วิจิตร์แสงศรี ผู้ว่าราชการจังหวัดสมุทรสาคร แถลงพบผู้ติดเชื้อโควิด-19 อีก 3 ราย คือ ลูกจ้างชายชาวพม่า อายุ 40 ปี เสมียนวัย 24 ปี พ่อค้าขายกุ้งในตลาดกลาง อายุ 42 ปี ทางจังหวัดกำลังตรวจสอบไทม์ไลน์ . . #กรุงเทพธุรกิจ #กรุงเทพธุรกิจออนไลน์ ------------------------------- ติดตาม กรุงเทพธุรกิจ ผ่านช่องทางต่างๆ ได้ที่ Line: https://line.me/R/ti/p/%40rvb8351i Twitter: https://twitter.com/ktnewsonline Website : http://www.bangkokbiznews.com Youtube: https://www.youtube.com/user/KrungthepTurakij Blockdit : https://www.blockdit.com/bangkokbiznews Instagram: https://www.instagram.com/bangkokbiznews Tiktok : https://www.tiktok.com/@bangkokbiznews Soundcloud: https://soundcloud.com/njqvvip1pkff Spotify: https://open.spotify.com/show/7ugjo1HAyJ7aU4VEuuX7vs",ผู้ว่าฯ|สมุทรสาคร| |ได้|แถลง|พบ|ติดเชื้อ|โค|วิด| |เพิ่มอีก| |ราย| |รวมเป็น|คน |เร่ง|เช็ค|ไทม์ไลน์|จากกรณีพบหญิง|ไทย|วัย| |ปี|เจ้าของแพ|กุ้ง| |ใน|จสมุ|ท|สาคร| |ติดเชื้อ|โค|วิด| |สามารถ|ยืนยัน|เชื้อ|ได้|เมื่อวันที่| |ธันวาคม| |ที่ผ่านมา|ตอนนี้ได้|ตรวจ|เชื้อ| |โค|วิด|ลูกชายกับเพื่อน|ลูกชาย|ผลออกมา| |ไม่พบ|ติดเชื้อ|ส่วนการตรวจ|เชื้อ|ผู้|ใกล้ชิด|อีก| |ราย|พบว่า |พี่สาว|มารดา|น้อง|สะใภ้| |ของ|หญิง|วัย| |ปี|พบติดเชื้อ|โค|วิด|และล่าสุด| |ราว| |น| |ของ|วันนี้|นายวีระศักดิ์| |วิจิตร|์|แสง|ศรี| |ผู้ว่าราช|การจังหวัด|สมุทรสาคร| |แถลง|พบผู้|ติดเชื้อ|โค|วิด| |อีก| |ราย|คือ |ลูกจ้าง|ชาย|ชาวพม่า|อายุ |ปี| |เส|มี|ย|น|วัย| |ปี|พ่อค้าขาย|กุ้ง|ในตลาด|กลาง|อายุ |ปี| |ทางจังหวัด|กําลัง|ตรวจสอบ|ไทม์ไลน์| |กรุงเทพ|ธุรกิจ| |กรุงเทพ|ธุรกิจ|ออนไลน์| |ติดตาม| |กรุงเทพ|ธุรกิจ| |ผ่าน|ช่องทาง|ต่างๆ| |ได้|ที่| |%,,0,Nonhatespeech,Positive,,Others
ใครแอ่บหนีออกมายิงแม่งทิ้งครับ ทำไมคนไทยทั้งประเทศต้องมารับผิดชอบกับพม่าเหียนี้ครับคนได้ผลประโยชน์จากมันไม่กี่ตัว,ใครแอ|่|บ|หนี|ออกมา|ยิง|แม่ง|ทิ้ง|ครับ|ทําไมคนไทย|ทั้งประเทศ|ต้องมา|รับผิดชอบ|กับ|พม่า|เห|ีย|นี้|ครับ|คน|ได้|ผลประโยชน์|จาก|มัน|ไม่กี่|ตัว,ใคร|#แอบ|#หนี|ออกมา|#ยิง|#แม่ง|#ทิ้ง|ครับ|ทําไมคนไทย|ทั้งประเทศ|ต้องมา|#รับผิดชอบ|กับ|#พม่า|#เหี้ย|นี้|ครับ|คน|ได้|#ผลประโยชน์|จาก|มัน|ไม่กี่|ตัว,-2,Hatespeech,Negative,ใคร #แอบ #หนี ออกมา #ยิง #แม่ง #ทิ้ง ครับ ทําไมคนไทย ทั้งประเทศ ต้องมา #รับผิดชอบ กับ #พม่า #เหี้ย นี้ ครับ คน ได้ #ผลประโยชน์ จาก มัน ไม่กี่ ตัว,Anger
ประเทศไทยปิดกิจการปิดโรงเรียนปิดโรงงาน สงสารคนไทยบ้างใหม เอาโรคมาทำไม ช่วงนี้เป็นช่วงโควิดก็รู้อยู่ คนต่างด้าวไม่ควรมา ไม่มีใครรังเกียจหรอกแต่กลัวโควิด เข้าใจน่ะ พม่ามาทำคนไทยเป็นโรคเยอะขนาดนี้ สำนึกผิดบ้างใหม่,ประเทศไทย|ปิดกิจการ|ปิด|โรงเรียน|ปิด|โรงงาน|สงสารคนไทย|บ้าง|ใหม|เอาโรค|มา|ทําไม|ช่วงนี้เป็นช่วง|โค|วิด|ก็รู้|อยู่| |คนต่างด้าว|ไม่ควร|มา|ไม่มีใครรังเกียจ|หรอก|แต่|กลัว|โค|วิด| |เข้าใจ|น่ะ| |พม่า|มาทํา|คนไทย|เป็นโรค|เยอะ|ขนาดนี้| |สํานึกผิด|บ้าง|ใหม่,ประเทศไทย|ปิดกิจการ|ปิด|โรงเรียน|ปิด|โรงงาน|สงสารคนไทย|บ้าง|ใหม|เอาโรค|มา|ทําไม|ช่วงนี้เป็นช่วง|โค|วิด|ก็รู้|อยู่| |คนต่างด้าว|ไม่ควร|มา|ไม่มีใครรังเกียจ|หรอก|แต่|กลัว|โค|วิด| |เข้าใจ|น่ะ| |พม่า|มาทํา|คนไทย|เป็นโรค|เยอะ|ขนาดนี้| |สํานึกผิด|บ้าง|ใหม่,-1,Hatespeech,Negative,ประเทศไทย ปิดกิจการ ปิด โรงเรียน ปิด โรงงาน สงสารคนไทย บ้าง ใหม เอาโรค มา ทําไม ช่วงนี้เป็นช่วง โค วิด ก็รู้ อยู่   คนต่างด้าว ไม่ควร มา ไม่มีใครรังเกียจ หรอก แต่ กลัว โค วิด   เข้าใจ น่ะ   พม่า มาทํา คนไทย เป็นโรค เยอะ ขนาดนี้   สํานึกผิด บ้าง ใหม่,disagreeable
ขอโทษแทนคนไทยบางส่วนที่อาจจะไม่ทันได้คิดเนื่องจากความกลัวโรคโควิด19 หรือกลัวความผิดบางอย่าง ที่ได้แสดงออก ทางการกระทำหรือคำพูด ทางสายตา หรืออะไรก็แล้วแต่ กับพี่น้องชาวพม่า และ พี่น้องประเทศเพื่อนบ้านไทยด้วยนะครับ ส่วนตัวแล้วผมมีเพื่อนมีลูกน้องที่มาจากพม่า ลาว หรือ เขมร หลายคน ทุกคนเป็นเพือนที่ดี เป็นลูกน้องที่ดีครับ ขอให้ทุกแลดูแลตัวเอง และรับผิดชอบตัวเองในสถาการณ์โรคติดต่อแบบนี้ เป็นกำลังใจให้ทั้งพี่น้องประเทศเพื่อนบ้านและพี่น้องคนไทยทุกคน หากใครมีลูกจ้าง หรือเพื่อนที่มาจากพื้นที่เสี่ยงทางที่ดีที่สุดคือ ให้ไปตรวจหาเชื้อ และ กักตัวเองให้ครบกำหนด ขอความกรุณาอย่าทอดทิ้งหรือลอยแพ ให้คิดถึงตอนที่เค้าได้ช่วยเหลือทำงานให้กับเรา ถึงเค้าจะทำงานแลกเงิน แต่เราจะรู้สึกได้ว่าเค้าทำเต็มที่และเต็มกำลัง เราจะผ่านมันไปด้วยกันครับ สู้ๆครับ,ขอโทษแทน|คนไทย|บางส่วน|ที่อาจจะ|ไม่ทัน|ได้|คิด|เนื่องจาก|ความกลัว|โรค|โค|วิด| |หรือ|กลัว|ความผิด|บางอย่าง| |ที่ได้|แสดงออก| |ทาง|การกระทํา|หรือ|คําพูด| |ทาง|สายตา| |หรืออะไร|ก็แล้วแต่| |กับ|พี่น้อง|ชาวพม่า|และ |พี่น้อง|ประเทศ|เพื่อนบ้าน|ไทย|ด้วยนะครับ|ส่วนตัวแล้ว|ผม|มีเพื่อน|มี|ลูกน้อง|ที่มาจาก|พม่า| |ลาว| |หรือ| |เขมร|หลายคนทุกคนเป็น|เพือ|น|ที่ดี| |เป็น|ลูกน้อง|ที่|ดีครับ|ขอให้ทุก|แล|ดูแลตัวเอง|และรับผิดชอบ|ตัวเอง|ใน|สถ|า|การณ์|โรคติดต่อ|แบบนี้| |เป็น|กําลังใจ|ให้|ทั้ง|พี่น้อง|ประเทศ|เพื่อนบ้าน|และ|พี่น้อง|คนไทยทุกคน|หากใครมี|ลูกจ้าง| |หรือ|เพื่อน|ที่มาจาก|พื้นที่|เสี่ยง|ทาง|ที่ดี|ที่สุดคือ| |ให้ไป|ตรวจหา|เชื้อ|และ |กัก|ตัวเอง|ให้|ครบกําหนด| |ขอความกรุณ|า|อย่า|ทอดทิ้ง|หรือ|ลอย|แพ| |ให้|คิดถึง|ตอนที่|เค้า|ได้|ช่วยเหลือ|ทํางานให้|กับเรา| |ถึง|เค้าจะ|ทํางาน|แลก|เงิน|แต่เราจะรู้สึก|ได้ว่า|เค้าทํา|เต็มที่|และ|เต็ม|กําลัง|เราจะผ่าน|มัน|ไปด้วยกัน|ครับ| |สู้ๆครับ,,1,Nonhatespeech,Neutral,,trust
ยิงมันทิ้งให้หมดไอ้พวกหนีออกจากพื้นที่เนี่ย มึงจะหนีออกแพร่เชื้อสร้างความเดือดร้อนให้คนอื่นทำไมไอ้พม่าเลว,ยิง|มัน|ทิ้ง|ให้หมด|ไอ้พวก|หนีออกจาก|พื้นที่|เนี่ย| |มึงจะ|หนี|ออก|แพร่|เชื้อ|สร้างความ|เดือดร้อน|ให้คนอื่น|ทําไม|ไอ้|พม่า|เลว,#ยิง|#มัน|#ทิ้ง|#ให้หมด|#ไอ้พวก|#หนีออกจาก|#พื้นที่|เนี่ย| |#มึงจะ|#หนี|#ออก|#แพร่|#เชื้อ|#สร้างความ|#เดือดร้อน|ให้คนอื่น|#ทําไม|#ไอ้|#พม่า|#เลว,-2,Hatespeech,Negative,#ยิง #มัน #ทิ้ง #ให้หมด #ไอ้พวก #หนีออกจาก #พื้นที่ เนี่ย   #มึงจะ #หนี #ออก #แพร่ #เชื้อ #สร้างความ #เดือดร้อน ให้คนอื่น #ทําไม #ไอ้ #พม่า #เลว,Anger
ไอ้ที่เห็นติดเป็นพันนั้นมันแรงงานต่างด้าวทั้งนั้นคนไทยนับได้มีแค่ไม่ถึงร้อย ต้องล็อคดาวน์ชายแดนให้หนักทุกจุดแต่ถ้าไม่เด็ดขาดมันก็ลักลอบเข้ามาอยู่ดีจะใช้ความรุนแรงก็ว่าเกินไปทำเหมือนเกาหลีทำคือเข้าใกล้เขตแดนยิงทิ้งอย่างเดียว และต้องส่งเรื่องไปหารัฐบาลพม่าให้เขาดูแลประชากรเขาอย่าให้หนีเข้ามาไม่งันจะหาว่าเรารุนแรงไม่ได้ถ้าทไปได้นะ,ไอ้ที่เห็น|ติด|เป็น|พัน|นั้น|มัน|แรงงาน|ต่างด้าว|ทั้งนั้น|คนไทย|นับ|ได้|มีแค่|ไม่ถึง|ร้อย|ต้องล็อค|ดาวน์|ชายแดน|ให้|หนัก|ทุก|จุด|แต่ถ้า|ไม่|เด็ดขาด|มันก็|ลักลอบ|เข้ามา|อยู่ดี|จะใช้|ความรุนแรง|ก็|ว่า|เกินไป|ทําเหมือน|เกาหลี|ทํา|คือ|เข้าใกล้|เขตแดน|ยิง|ทิ้ง|อย่างเดียว|และต้อง|ส่งเรื่อง|ไปหา|รัฐบาลพม่า|ให้เขา|ดูแล|ประชากร|เขา|อย่าให้|หนี|เข้ามา|ไม่|งัน|จะหา|ว่าเรา|รุนแรง|ไม่ได้|ถ้า|ท|ไปได้|นะ,ไอ้ที่เห็น|ติด|เป็น|พัน|นั้น|มัน|แรงงาน|ต่างด้าว|ทั้งนั้น|คนไทย|นับ|ได้|มีแค่|ไม่ถึง|ร้อย|ต้องล็อค|ดาวน์|ชายแดน|ให้|หนัก|ทุก|จุด|แต่ถ้า|ไม่|เด็ดขาด|มันก็|ลักลอบ|เข้ามา|อยู่ดี|จะใช้|ความรุนแรง|ก็|ว่า|เกินไป|ทําเหมือน|เกาหลี|ทํา|คือ|เข้าใกล้|เขตแดน|#ยิง|#ทิ้ง|#อย่างเดียว|และต้อง|ส่งเรื่อง|ไปหา|รัฐบาลพม่า|ให้เขา|ดูแล|ประชากร|เขา|อย่าให้|หนี|เข้ามา|ไม่|งัน|จะหา|ว่าเรา|รุนแรง|ไม่ได้|ถ้า|ท|ไปได้|นะ,-2,Hatespeech,Negative,ไอ้ที่เห็น ติด เป็น พัน นั้น มัน แรงงาน ต่างด้าว ทั้งนั้น คนไทย นับ ได้ มีแค่ ไม่ถึง ร้อย ต้องล็อค ดาวน์ ชายแดน ให้ หนัก ทุก จุด แต่ถ้า ไม่ เด็ดขาด มันก็ ลักลอบ เข้ามา อยู่ดี จะใช้ ความรุนแรง ก็ ว่า เกินไป ทําเหมือน เกาหลี ทํา คือ เข้าใกล้ เขตแดน #ยิง #ทิ้ง #อย่างเดียว และต้อง ส่งเรื่อง ไปหา รัฐบาลพม่า ให้เขา ดูแล ประชากร เขา อย่าให้ หนี เข้ามา ไม่ งัน จะหา ว่าเรา รุนแรง ไม่ได้ ถ้า ท ไปได้ นะ,Anger
ธรรพ์ รำพันเพลงไพร เห็นใจเจ้าหน้าที่ที่ออกตรวจนอกพื้นที่นะแต่คิดว่าถ้าให้แรงงานพม่าไปตรวจกันเองคงจะไปกันส่วนน้อยมากๆ ทางที่ดีเจ้าของโรงงานที่มีแรงงานพม่าต้องพาเข้ารับการตรวจเลยคะ,ธร|รพ|์| |รํา|พัน|เพลง|ไพร| |เห็นใจ|เจ้าหน้า|ที่|ที่|ออก|ตรวจ|นอกพื้นที่|นะ|แต่|คิดว่าถ้า|ให้|แรงงาน|พม่า|ไปตรวจ|กันเอง|คงจะ|ไปกัน|ส่วนน้อย|มากๆ| |ทาง|ที่ดี|เจ้าของ|โรงงาน|ที่มี|แรงงาน|พม่า|ต้อง|พ|า|เข้ารับการ|ตรวจ|เลยคะ,,1,Nonhatespeech,Neutral,,trust
เป็นกำลังใจให้ชาวพม่าทุกคนและเป็นกำลังให้คนไทยทุกคนเราจะสู้ไปด้วยกันเหมือนที่ผ่านมาสู้ๆนะค่ะประเทศไทย,เป็น|กําลังใจ|ให้|ชาวพม่า|ทุกคน|และ|เป็นกําลัง|ให้|คนไทยทุกคน|เราจะ|สู้|ไปด้วยกัน|เหมือน|ที่ผ่านมา|สู้ๆนะ|ค่ะ|ประเทศไทย,,1,Nonhatespeech,Neutral,,trust
วันใหม่ 'ม ศึกครานี้ช่างใหญ่หลวงนัก... **ท่านออกญา(สาธารณสุข) ช่างดูแคลนข้าศึก ปล่อยให้พม่ารามัญ มันรุกมาถึงเมืองหน้าด่านสมุทรสาคร คาดไม่เกินชั่วเคี้ยวหมากแหลก คงประชิดชาญพระนครเป็นแน่แท้ พ.ศ. 2112 เสียกรุงครั้งที่ 1 พระเจ้าบุเรงนองตีกรุงศรีอยุธยาแตก พ.ศ. 2310 เสียกรุงครั้งที่ 2 กรุงศรีอยุธยาแตกโดนพม่าเผาเมือง พ.ศ. 2563 เพลานี้ชั่วเคี้ยวหมากแหลก พม่ารามัญตีป้อมมหาชัยแตกด้วยโควิค (พบแล้ว 548 ราย) เพราะมีคนไทยบางคนทรยศต่อชาติเปิดประตูต้อนรับให้พวกพม่ารามัญยกทัพตราศึกเข้าพระราชอาณาจักรอย่างผิดกฏหมายโดยมิผ่านการตรวจคัดกรอง เพราะเห็นแค่อัฐและเบี้ยมากกว่าสยามประเทศ พวกเจ้าทั้งหลายจงเตรียมเจล แอลกอฮอล์ สเปรย์ หน้ากากอนามัยให้ทันท่วงที เพื่อรับศึกใหญ่ที่กำลังจะมาในไม่ช้านี้ #อย่าลืมใส่หน้ากากอนามัยก่อนออกไปจากบ้านกันนะครับ,วัน|ใหม่| |ม| |ศึก|คร|า|นี้|ช่าง|ใหญ่หลวง|นัก|ท่านออก|ญ|า|ช่างดู|แคลน|ข้าศึก| |ปล่อยให้|พม่า|ราม|ัญ|มันรุก|มาถึง|เมือง|หน้า|ด่าน|สมุทรสาคร| |คาด|ไม่เกิน|ชั่ว|เคี้ยว|หมาก|แหลก|คงประชิด|ชาญ|พระนคร|เป็น|แน่|แท้| |พศ| |เสีย|กรุง|ครั้งที่|พระเจ้าบุ|เร|ง|นอง|ตี|กรุง|ศรีอยุธยา|แตก| |พศ| |เสีย|กรุง|ครั้งที่| |กรุง|ศรีอยุธยา|แตก|โดน|พม่า|เผา|เมือง| |พศ| |เพล|า|นี้|ชั่ว|เคี้ยว|หมาก|แหลก| |พม่า|ราม|ัญ|ตี|ป้อม|มหาชัย|แตก|ด้วย|โค|วิค|เพราะมีคนไทย|บางคน|ทรยศ|ต่อ|ชาติ|เปิดประตู|ต้อนรับ|ให้|พวก|พม่า|ราม|ัญ|ยกทัพ|ตร|า|ศึก|เข้า|พระราช|อาณาจักร|อย่าง|ผิดกฏหมาย|โดย|มิ|ผ่าน|การตรวจ|คัดกรอง|เพราะเห็น|แค่|อ|ัฐ|และ|เบี้ย|มากกว่า|สยาม|ประเทศ| |พวกเจ้า|ทั้งหลาย|จง|เตรียม|เจล| |แอลกอฮอล์| |สเปรย์| |หน้ากาก|อนามัย|ให้|ทันท่วงที| |เพื่อรับ|ศึก|ใหญ่|ที่กําลัง|จะมา|ในไม่ช้า|นี้|อย่าลืมใส่หน้ากาก|อนามัย|ก่อน|ออกไปจาก|บ้าน|กัน|นะครับ,,0,Nonhatespeech,Positive,,Others
แพร่ไปทั่ว? เอาแรงงานพม่ากลับไป ดูแลรักษาคนไทยก่อน? มัวแต่ช่วยมันคนไทยตายก่อน,แพร่|ไปทั่ว|เอาแรงงาน|พม่า|กลับไป| |ดูแลรักษา|คนไทย|ก่อน| |มัวแต่|ช่วย|มัน|คนไทย|ตาย|ก่อน,แพร่|ไปทั่ว|#เอาแรงงาน|#พม่า|#กลับไป| |ดูแลรักษา|คนไทย|ก่อน| |#มัวแต่|#ช่วย|#มัน|#คนไทย|#ตาย|#ก่อน,-1,Hatespeech,Negative,แพร่ ไปทั่ว #เอาแรงงาน #พม่า #กลับไป   ดูแลรักษา คนไทย ก่อน   #มัวแต่ #ช่วย #มัน #คนไทย #ตาย #ก่อน,Anger
วันก่อนบอสฉีกหน้าอัยการ วันนี้โควิดฉีกหน้าบ่อน พม่าฉีกหน้าค้ามนุษย์,วันก่อน|บอส|ฉีก|หน้า|อัยการ|วันนี้โค|วิด|ฉีก|หน้า|บ่อน| |พม่า|ฉีก|หน้า|ค้ามนุษย์,,0,Nonhatespeech,Positive,,Others
นี่ยังตรวจไม่หมดตายๆส่วนมากต่างด้าวทั้งนั้น##สงสารแพทย์พยาบาลทั้งสงสารตัวเองเซ็งๆ##พม่าเป็นเหตุสังเกตุได้,นี่ยัง|ตรวจ|ไม่หมด|ตาย|ๆ|ส่วนมาก|ต่างด้าว|ทั้งนั้น|สงสาร|แพทย์|พยาบาล|ทั้ง|สงสาร|ตัวเอง|เซ็ง|ๆ|พม่า|เป็นเหตุ|สังเกตุ|ได้,นี่ยัง|ตรวจ|ไม่หมด|ตาย|ๆ|ส่วนมาก|ต่างด้าว|ทั้งนั้น|สงสาร|แพทย์|พยาบาล|ทั้ง|สงสาร|ตัวเอง|เซ็ง|ๆ|#พม่า|#เป็นเหตุ|สังเกตุ|ได้,-1,Hatespeech,Negative,นี่ยัง ตรวจ ไม่หมด ตาย ๆ ส่วนมาก ต่างด้าว ทั้งนั้น สงสาร แพทย์ พยาบาล ทั้ง สงสาร ตัวเอง เซ็ง ๆ #พม่า #เป็นเหตุ สังเกตุ ได้,Anger
Nattawut Banjongjam เราเคยเม้นแค่ดูแลคนไทยให้ทั่วถึงด้วย แม้งเข้ามาว่าเราไร้มนุษย์ธรรมทั่งๆที่เราไม่เคยด่าพม่าสักคำ คนไทยเดี่ยวนี้แบ่งแยก น่าเกลียดมากด่ากันเองเพราะต่างชาติแค่ความคิดต่าง,เราเคย|เม้น|แค่|ดูแล|คนไทย|ให้|ทั่วถึง|ด้วย|แม้ง|เข้ามา|ว่าเรา|ไร้|มนุษย์|ธรรม|ทั่ง|ๆ|ที่|เราไม่เคย|ด่า|พม่า|สัก|คํา| |คนไทย|เดี่ยว|นี้|แบ่งแยก| |น่าเกลียด|มาก|ด่า|กันเอง|เพราะ|ต่างชาติ|แค่|ความคิด|ต่าง,,1,Nonhatespeech,Neutral,,trust
หนึ่ง บีอาร์โอ เขาพูดถึงที่ดินในรัฐยะไข่ค่ะ เป็นที่ ที่พวกเขาอยู่มานมนาน แต่เป็นเพราะใต้ดินมีทรัพยากรมากทั้งน้ำมันและแร่ รัฐบาลพม่าจึงมีความต้องการยึด เขาต้องการโอกาสที่จะเข้าถึงการศึกษา และสุขภาพเบื้องต้น (เช่น พวก วัคซีน) การช่วยเหลือ ในทุกๆวันนี้ ก็มาจาก นักสิทธิมนุษยชนค่ะ. พวกเขาทำงานหนัก และช่วยเหลือคนพวกนี้ เพราะความเป็นมนุษย์.,หนึ่ง| |บี|อาร์|โอ|เขาพูดถึง|ที่ดิน|ในรัฐ|ยะ|ไข่|ค่ะ| |เป็นที่| |ที่พวกเขา|อยู่|มา|นม|นาน|แต่เป็นเพราะ|ใต้ดิน|มี|ทรัพยากร|มาก|ทั้ง|น้ํามัน|และ|แร่| |รัฐบาลพม่า|จึงมีความ|ต้องการ|ยึด| |เขาต้องการ|โอกาสที่จะ|เข้าถึง|การศึกษา|และสุขภาพ|เบื้องต้น|การช่วยเหลือ| |ในทุกๆ|วันนี้|ก็มาจาก|นักสิ|ทธิมนุษยชน|ค่ะ|พวกเขาทํางานหนัก|และช่วยเหลือ|คนพวกนี้| |เพราะความ|เป็นมนุษย์,,1,Nonhatespeech,Neutral,,trust
@thestandardth -2112 เสียกรุงศรีอยุธยาให้พม่า เพราะทหารไทยสู้เขาไม่ได้ -2310 เสียกรุงศรีอยุธยาครั้งที่ 2 เพราะทหารไทยสมรู้ร่วมคิดกับศัตรูเปิดประตูเมืองให้พม่าเข้ามาเผาเมืองแลกกับอำนาจอยากไปปกครองหัวเมือง -2563 พม่าติดสินบนทหารไทยมาแพร่เชื้อโควิดทำลายเมืองมหาชัยสมุทรสาคร,เสีย|กรุง|ศรีอยุธยา|ให้|พม่า|เพราะทหารไทย|สู้|เขาไม่ได้| |เสีย|กรุง|ศรีอยุธยา|ครั้งที่|เพราะทหารไทย|สม|รู้|ร่วม|คิด|กับ|ศัตรู|เปิดประตู|เมือง|ให้|พม่า|เข้ามา|เผา|เมือง|แลกกับ|อํานาจ|อยากไป|ปกครอง|หัวเมือง| |พม่า|ติดสินบน|ทหารไทย|มา|แพร่|เชื้อ|โค|วิด|ทําลาย|เมือง|มหาชัย|สมุทรสาคร,,0,Nonhatespeech,Positive,,Anticipation
ให้มาแย่งงานคนไทยหรือไงถ้าไม่ใด้มาเมืองไทยคงอดตายมั้งบางคนก็มาเป็นขโมยสร้างความเดือดร้อนให้คนไทยยังไม่พออีกหรือพม่า,ให้มา|แย่ง|งาน|คนไทย|หรือไง|ถ้า|ไม่ใด้|มา|เมืองไทย|คง|อดตาย|มั้ง|บางคนก็|มาเป็น|ขโมย|สร้างความ|เดือดร้อน|ให้คนไทย|ยังไม่พอ|อีก|หรือ|พม่า,#ให้มา|#แย่ง|#งาน|#คนไทย|#หรือไง|ถ้า|ไม่ใด้|มา|เมืองไทย|คง|#อดตาย|มั้ง|บางคนก็|มาเป็น|#ขโมย|#สร้างความ|#เดือดร้อน|#ให้คนไทย|#ยังไม่พอ|#อีก|#หรือ|#พม่า,-1,Hatespeech,Negative,#ให้มา #แย่ง #งาน #คนไทย #หรือไง ถ้า ไม่ใด้ มา เมืองไทย คง #อดตาย มั้ง บางคนก็ มาเป็น #ขโมย #สร้างความ #เดือดร้อน #ให้คนไทย #ยังไม่พอ #อีก #หรือ #พม่า,Anger
แพร่จากคนไทยนั่นละ อย่าไปโทษพม่าเลย ลักพาเขามา และทิ้งเขา น่าสงสารนะ,แพร่|จาก|คนไทย|นั่น|ละ|อย่าไปโทษ|พม่า|เลย| |ลัก|พ|า|เขามา|และทิ้ง|เขา| |น่าสงสาร|นะ,,1,Nonhatespeech,Positive,,trust
คนไทยก้อเดือดร้อนหนักเหมือนกัน ไปประเทศอื่นมั้งเห็นไทยใจดีเลยมากันใหญ่เด่วก้อฆ่าคนไทยอีก กัอพม่าเห็นแก่ตัว,คนไทย|ก้อ|เดือดร้อน|หนัก|เหมือนกัน| |ไป|ประเทศอื่น|มั้ง|เห็น|ไทย|ใจดี|เลย|มา|กัน|ใหญ่|เด่ว|ก้อ|ฆ่า|คนไทย|อีก| |กั|อ|พม่า|เห็นแก่ตัว,#คนไทย|ก้อ|#เดือดร้อน|#หนัก|เหมือนกัน| |ไป|ประเทศอื่น|มั้ง|เห็น|ไทย|ใจดี|เลย|มา|กัน|ใหญ่|เดี๋ยว|ก็|#ฆ่า|#คนไทย|อีก| |กั|อ|#พม่า|#เห็นแก่ตัว,-1,Hatespeech,Negative,#คนไทย ก้อ #เดือดร้อน #หนัก เหมือนกัน   ไป ประเทศอื่น มั้ง เห็น ไทย ใจดี เลย มา กัน ใหญ่ เดี๋ยว ก็ #ฆ่า #คนไทย อีก   กั อ #พม่า #เห็นแก่ตัว,Anger
จะเอา โควิดมาเติมเหรอจ๊ะ แค่นี้ก็จะตายห่าละ,จะเอา| |โค|วิด|มา|เติม|เหรอ|จ๊ะ| |แค่นี้ก็|จะ|ตายห่า|ละ,จะ|#เอา|#โควิด|#มา|#เติม|เหรอ|จ๊ะ| |แค่นี้ก็|#จะ|#ตายห่า|#ละ,-1,Hatespeech,Negative,จะ #เอา #โควิด #มา #เติม เหรอ จ๊ะ   แค่นี้ก็ #จะ #ตายห่า #ละ,Anger
ใจเยนๆครับพี่น้อง พี่น้องชาวพม่าไม่ผิดหรอกพวกเขาก้อคนเหมือนกัน คนที่ผิดคือผู้ประกอบการที่รับแรงงานผิดกฏหมายและตำรวจก้อไม่จับแค่ไปรับส่วยก้อหนีมา ตอนนี่ห่วงคนไทยที่ทำงานนี่นั่นแล้วจะหนีโรคออกต่างจังหวัดและพาโรคไปติดที่อื่นอีก,ใจ|เยน|ๆ|ครับ|พี่น้อง| |พี่น้อง|ชาวพม่า|ไม่ผิด|หรอก|พวกเขา|ก้อ|คน|เหมือนกัน|คนที่ผิด|คือ|ผู้ประกอบ|การ|ที่รับ|แรงงาน|ผิดกฏหมาย|และตํารวจ|ก้อ|ไม่|จับ|แค่|ไปรับ|ส่วย|ก้อ|หนี|มา|ตอนนี่|ห่วง|คนไทย|ที่ทํางาน|นี่|นั่น|แล้วจะ|หนี|โรค|ออก|ต่าง|จังหวัด|และ|พ|า|โรค|ไป|ติด|ที่|อื่นอีก,,0,Nonhatespeech,Positive,,Others
พม่า มันจะยึดประเทศไทยแล้วเดินไปทางไหนก็มีแต่ พม่า ยิงทิ้งเม่งให้หมดเอาโควิด19เข้ามาเเพร่ไนไทย,พม่า|มันจะยึด|ประเทศไทย|แล้ว|เดิน|ไปทางไหน|ก็มีแต่| |พม่า| |ยิง|ทิ้ง|เม|่ง|ให้หมด|เอา|โค|วิด|เข้ามา|เเพ|ร่|ไน|ไทย,พม่า|มันจะยึด|ประเทศไทย|แล้ว|เดิน|ไปทางไหน|ก็มีแต่| |พม่า| |#ยิง|#ทิ้ง|#แม่ง|#ให้หมด|เอา|โค|วิด|เข้ามา|แพร่|ไน|ไทย,-2,Hatespeech,Negative,พม่า มันจะยึด ประเทศไทย แล้ว เดิน ไปทางไหน ก็มีแต่   พม่า   #ยิง #ทิ้ง #แม่ง #ให้หมด เอา โค วิด เข้ามา แพร่ ไน ไทย,Anger
นี่แหละครับมนุษย์โลกเป็นแบบนี้คนเราทำไมไม่รู้จักแยกแยะใช่ว่าคนพม่าจะติด covid ทุกคนเราต้องแยกแยะให้ออกมีเหตุและผลอย่าไปอคติกับเขาพม่าน่ะก็เหมือนอย่างเราครับคนไทยติดโควิชแล้วคนไทยทุกคนต้องน่ารังเกียจหรือเปล่าเอาใจเขามาใส่ใจเราด้วยเขาก็คนเหมือนกันกับเราบ้านเราเป็นเมืองพุทธต้องมีจิตใจโอบอ้อมอารี เห็นอกเห็นใจเขา,นี่แหละ|ครับ|มนุษย์|โลก|เป็นแบบนี้|คนเรา|ทําไม|ไม่รู้จัก|แยกแยะ|ใช่|ว่า|คน|พม่า|จะ|ติด|ทุกคนเราต้อง|แยกแยะ|ให้|ออก|มีเหตุ|และ|ผล|อย่าไป|อคติ|กับเขา|พม่า|น่ะ|ก็เหมือน|อย่างเรา|ครับ|คนไทย|ติด|โค|วิช|แล้ว|คนไทยทุกคน|ต้อง|น่า|รังเกียจ|หรือเปล่า|เอาใจ|เขามา|ใส่ใจ|เรา|ด้วย|เขาก็|คน|เหมือนกัน|กับเรา|บ้านเรา|เป็นเมือง|พุทธ|ต้องมี|จิตใจ|โอบ|อ้อม|อารี|เห็นอกเห็นใจ|เขา,,1,Nonhatespeech,Neutral,,trust
ตีพม่าให้ตาย,ตี|พม่า|ให้ตาย,#ตี|#พม่า|#ให้ตาย,-2,Hatespeech,Negative,#ตี #พม่า #ให้ตาย,Anger
พม่าเผาเมืองครั้งที่3 T_T,พม่า|เผา|เมือง|ครั้งที่,#พม่า|#เผา|#เมือง|ครั้งที่,-1,Hatespeech,Negative,#พม่า #เผา #เมือง ครั้งที่,disagreeable
คนไทยจะตายกันหมดแล้วจะเปิดให้เข้ามาอีกพูดก็ไม่ค่อยจะรุ้เรื่องใอ้พวกพม่าเนี่ย,คนไทย|จะตาย|กันหมดแล้ว|จะเปิด|ให้|เข้ามา|อีก|พูด|ก็ไม่ค่อย|จะ|รุ้|เรื่อง|ใ|อ|้|พวก|พม่า|เนี่ย,#คนไทย|#จะตาย|#กันหมดแล้ว|จะเปิด|ให้|เข้ามา|อีก|พูด|ก็ไม่ค่อย|จะ|รู้|เรื่อง|#ไอ้|#พวก|#พม่า|เนี่ย,-1,Hatespeech,Negative,#คนไทย #จะตาย #กันหมดแล้ว จะเปิด ให้ เข้ามา อีก พูด ก็ไม่ค่อย จะ รู้ เรื่อง #ไอ้ #พวก #พม่า เนี่ย,Anger
พม่ามันวางแผนไว้แล้วให้คนไทยค่อยๆๆตายอย่างทรมาน,พม่า|มัน|วางแผน|ไว้แล้ว|ให้คนไทย|ค่อยๆ|ๆ|ตาย|อย่าง|ทรมาน,#พม่า|มัน|#วางแผน|ไว้แล้ว|#ให้คนไทย|ค่อยๆ|ๆ|#ตาย|#อย่าง|#ทรมาน,-1,Hatespeech,Negative,#พม่า มัน #วางแผน ไว้แล้ว #ให้คนไทย ค่อยๆ ๆ #ตาย #อย่าง #ทรมาน,disagreeable
พม่า มันตั้งใจ จะมาฆ่า คนไทย อยู่ แล้ว หากให้มันเข้ามาอิก พวกมึง ไม่มีที่ซุกหัว แน่,พม่า|มันตั้งใจ| |จะมา|ฆ่า| |คนไทย| |อยู่|แล้วหากให้มัน|เข้ามา|อิก| |พวกมึง|ไม่มีที่|ซุก|หัว| |แน่,#พม่า|#มันตั้งใจ| |#จะมา|#ฆ่า| |#คนไทย| |อยู่|แล้วหากให้มัน|เข้ามา|อิก| |#พวกมึง|#ไม่มีที่|#ซุก|#หัว| |แน่,-1,Hatespeech,Negative,#พม่า #มันตั้งใจ   #จะมา #ฆ่า   #คนไทย   อยู่ แล้วหากให้มัน เข้ามา อิก   #พวกมึง #ไม่มีที่ #ซุก #หัว   แน่,Anger
"เป็นอีกหนึ่งพระเอกหนุ่มที่พร้อมช่วยเหลือสังคมอยู่เสมอ สำหรับ อาร์ต-พศุตม์ บานแย้ม ซึ่งล่าสุดจากสถานการณ์โควิด-19 ระบาดระลอกใหม่ หนุ่มอาร์ตก็ไม่อยู่เฉย พร้อมยื่นมือเข้าช่วยเหลือในทันที . โดยได้แสดงฝีมือผัดกะเพราด้วยตัวเอง และนำไปแจกจ่ายให้กับแรงงานพม่าที่จังหวัดสมุทรสาคร ซึ่งเป็นพื้นที่สีแดงที่มีผู้ติดเชื้อเป็นจำนวนมาก พร้อมกับโพสต์ร่วม และข้อความใน อินสตาแกรม ส่วนตัวว่า . วันนี้ไปให้แรงงานพม่าที่ ที่ถูกกักตัวสนามกีฬาสมุทรสาครครับ #ทำดีสร้างภาพ #โควิด #covid_19 , โควิท จะทำให้เราเป็นพ่อครัวอีกครั้ง #ทำดีสร้างภาพ #covid_19  , ส่งมอบเรียบร้อย วันนี้ได้ 352 กล่อง #ตลาดกุ้ง #ทำดีสร้างภาพ #covid_19 #ให้แรงงานพม่าที่โดนกักตัว  , พี่ๆ เจ้าหน้าที่ส่งมาบอกว่าถึงมือแรงงานเพื่อนบ้านเราแล้วนะครับ และล่าสุดหนุ่มอาร์ตยังได้ จัดเมนูไก่ผัดพริกแกงถั่วฝักยาว ให้บุคลากร พี่ทหาร พยาบาล ตามหน่วยต่างๆ อีกด้วย ------------------------------- แหล่งข่าว https://www.instagram.com/art_phasut98/ https://www.thaipost.net/main/detail/88295 ------------------------------- ติดตามข้อมูลข่าวสาร รู้ไทย รู้โลก กับ Thailand Vision ได้ที่ Website : http://www.thailandvision.co Facebook : https://www.facebook.com/thvi5ion Twitter : https://twitter.com/Thailand_vision Youtube : https://www.youtube.com/c/Thailandvision",เป็น|อีกหนึ่ง|พระเอก|หนุ่ม|ที่|พร้อม|ช่วยเหลือ|สังคม|อยู่เสมอ|สําหรับ |อาร์ต|พ|ศุ|ตม์| |บาน|แย้ม|ซึ่งล่าสุด|จาก|สถานการณ์|โค|วิด| |ระบาด|ระลอก|ใหม่|หนุ่มอาร์ต|ก็ไม่|อยู่|เฉย| |พร้อม|ยื่นมือ|เข้า|ช่วยเหลือ|ในทันที|โดยได้แสดง|ฝีมือ|ผัด|กะเพรา|ด้วยตัวเอง|และนําไป|แจกจ่าย|ให้กับ|แรงงาน|พม่า|ที่จังหวัด|สมุทรสาคร|ซึ่งเป็นพื้นที่|สีแดง|ที่|มีผู้|ติดเชื้อ|เป็น|จํานวนมาก| |พร้อมกับ|โพสต์|ร่วม|และข้อความ|ใน| |อินสตาแกรม|ส่วนตัวว่า| ||วันนี้|ไปให้|แรงงาน|พม่า|ที่| |ที่ถูก|กักตัว|สนามกีฬา|สมุทรสาคร|ครับ| |ทําดี|สร้างภาพ| |โค|วิด| || ||โค|วิท| |จะทําให้|เราเป็น|พ่อครัว|อีกครั้ง| |ทําดี|สร้างภาพ| || ||ส่งมอบ|เรียบร้อย|วันนี้ได้| |กล่อง| |ตลาด|กุ้ง| |ทําดี|สร้างภาพ| |ให้|แรงงาน|พม่า|ที่โดน|กักตัว| || ||พี่ๆ|เจ้าหน้าที่ส่ง|มาบอกว่า|ถึง|มือ|แรงงาน|เพื่อนบ้าน|เรา|แล้วนะครับ||และล่าสุด|หนุ่ม|อาร์ต|ยังได้| |จัด|เมนู|ไก่|ผัด|พริก|แกง|ถั่ว|ฝัก|ยาว| |ให้|บุคลากร|พี่ทหาร| |พยาบาล| |ตาม|หน่วย|ต่างๆ| |อีกด้วย| |แหล่งข่าว| |ติดตาม|ข้อมูล|ข่าวสาร|รู้ไทย|รู้โลก| |กับ| |ได้|ที่,,0,Nonhatespeech,Positive,,Others
ทำไมเหมือนสมัยก่อนเลย มีคนเห็นได้เป็นไส้ศึกให้พม่าเข้ามาเผาเมือง,ทําไมเหมือน|สมัยก่อน|เลย|มีคนเห็น|ได้เป็น|ไส้|ศึก|ให้|พม่า|เข้ามา|เผา|เมือง,,0,Nonhatespeech,Positive,,Others
หลวงพ่อพุกกะยาภรณ์มณีศรีปทุมพระพุทธรูปทรงเครื่อง ที่ใหญ่ที่สุดในโลก ?? ชมความสวยงามอลังการ พระทรงเครื่อง ที่สวยและใหญ่ที่สุดในโลก ซึ่งตั้งอยู่ภายในวัดพระธาตุจอมศีล ตำบลบ้านถ้ำ อำเภอดอกคำใต้ จังหวัดพะเยา เป็นพระพุทธรูปที่มีความสวยงาม ศิลปะเชียงแสน สิงห์ 1ประดับทรงเครื่องด้วย แก้ว เพชรนิลจินดา ปิดด้วยทองคำเซรามิคพร้อมกับติดองค์พระพุทธรูปและเทพพนม อย่างยิ่งใหญ่อลังการและเป็นที่เคารพนับถือของชาวพะเยา พระครูสุนทรวุฒิคุณ เจ้าอาวาสวัดพระธาตุจอมศีล ตำบลบ้านถ้ำ อำเภอดอกคำใต้ จังหวัดพะเยา นำผู้สื่อข่าวเข้าชมพระทรงเครื่อง ที่มีการกล่าวขานกันว่าเป็นพระทรงเครื่องที่สวยและใหญ่ที่สุด ในประเทศไทย โดยองค์พระสร้างด้วย ปูนปั้นปิดทอง เซรามิครวมทั้งเพชร นิล จินดาที่ได้มาจากจังหวัดจันทบุรีและประเทศพม่า ซึ่งประดิษฐานในอุโบสถวัดพระธาตุจอมศีล ที่ตั้งอยู่บนเนินเขาสูง ในตำบลบ้านถ้ำ อำเภอดอกคำใต้ จังหวัดพะเยา พระครูสุนทรวุฒิคุณ เจ้าอาวาสวัดพระธาตุจอมศีล เจ้าคณะตำบลบ้านถ้ำ กล่าวว่า ที่ผ่านมาได้มีตำนานว่าเจ้าเมืองในพื้นที่จังหวัดพะเยาได้เกิดการล้มป่วยลงและใน นิมิตให้มีการจัดสร้างพระทรงเครื่องขึ้น แต่เดิมได้ประดิษฐาน ที่บริเวณวัดหลวงในหรือวัดหลวงราชสัณฐาน อำเภอเมืองพะเยา แต่ต่อมาพระพุทธรูปองค์ดังกล่าวได้สูญหายไปจากเมืองพะเยา ทางอาตมา พร้อมด้วยคณะศรัทธาญาติโยม จึงได้มีแนวคิดที่จะจัดสร้างพระพุทธรูปทรงเครื่องขึ้น แต่ก็ขาดปัจจัยโดยตนเองจึงได้เดินทางไปประเทศอินเดียและอธิฐานจิตขอให้มีการก่อสร้างพระพุทธรูปทรงเครื่องให้ได้ ต่อมาก็มีผู้มีจิตศรัทธารับเป็นเจ้าภาพในการจัดสร้างพระพุทธรูปทรงเครื่องดังกล่าว จนประสบผลสำเร็จซึ่งพระทรงเครื่ององค์นี้เป็นศิลปะเชียงแสน สิงห์ 1 หรือหลวงพ่อพุกกะยาภรณ์มณีศรีปทุม ที่ประดับด้วย แก้ว เพชรนิลจินดา ปิดด้วยทองคำเซรามิคพร้อมกับติดองค์พระพุทธรูปและเทพพนม อย่างละ 108 องค์ กับองค์พระทรงเครื่องด้วย โดยองค์พระพุทธรูปมีความสูง 7 เมตร หน้าตักกว้าง 5.50 เมตร ใช้งบประมาณในการก่อสร้างจำนวน 1.7 ล้านบาท เริ่มก่อสร้างเมื่อปี พ.ศ.2545 ต่อมาเมื่อ วันที่ 4 มิถุนายน พ.ศ.2559 พระเจ้าหลานเธอ พระองค์เจ้าอทิตยาทรกิติคุณ ได้เสด็จเป็นองค์ประธานตัดหวายลูกนิมิตอุโบสถ และทรงกราบไหว้ พระทรงเครื่อง ที่ประดิษฐาน ในอุโบสถ หลวงพ่อพุกกะยาภรณ์มณีศรีปทุมพระพุทธรูปทรงเครื่อง ที่ใหญ่ที่สุดในโลก,หลวงพ่อ|พุก|กะ|ย|าภรณ์|มณี|ศรี|ปทุม|พระพุทธรูป|ทรง|เครื่อง| |ที่|ใหญ่ที่สุด|ในโลก| |ชม|ความสวยงาม|อลังการ| |พระ|ทรง|เครื่อง| |ที่|สวย|และ|ใหญ่ที่สุด|ในโลก|ซึ่งตั้งอยู่|ภายใน|วัดพระธาตุ|จอม|ศีล| |ตําบลบ้าน|ถ้ํา| |อําเภอ|ดอก|คํา|ใต้| |จังหวัด|พะเยา| |เป็น|พระพุทธรูป|ที่มี|ความสวยงาม| |ศิลปะ|เชียงแสน| |สิงห์| |ประดับ|ทรง|เครื่อง|ด้วย| |แก้ว| |เพชร|นิล|จินดา| |ปิด|ด้วย|ทองคํา|เซ|ร|า|มิค|พร้อมกับ|ติด|องค์|พระพุทธรูป|และ|เทพ|พนม| |อย่าง|ยิ่งใหญ่|อลังการ|และเป็น|ที่เคารพ|นับถือ|ของชาว|พะเยา| |พระครู|สุนทร|วุฒิ|คุณ| |เจ้าอาวาส|วัดพระธาตุ|จอม|ศีล| |ตําบลบ้าน|ถ้ํา| |อําเภอ|ดอก|คํา|ใต้| |จังหวัด|พะเยา| |นํา|ผู้สื่อข่า|ว|เข้าชม|พระ|ทรง|เครื่อง| |ที่มีการ|กล่าว|ขา|น|กันว่า|เป็นพระ|ทรง|เครื่อง|ที่|สวย|และ|ใหญ่ที่สุด| |ใน|ประเทศไทย|โดยองค์พระ|สร้าง|ด้วย| |ปูน|ปั้น|ปิด|ทอง| |เซ|ร|า|มิค|รวมทั้ง|เพชร| |นิล| |จินดา|ที่ได้มา|จาก|จังหวัด|จันทบุรี|และ|ประเทศพม่า|ซึ่งประดิษฐาน|ใน|อุโบสถ|วัดพระธาตุ|จอม|ศีล| |ที่|ตั้งอยู่บน|เนินเขา|สูง| |ใน|ตําบลบ้าน|ถ้ํา| |อําเภอ|ดอก|คํา|ใต้| |จังหวัด|พะเยา| |พระครู|สุนทร|วุฒิ|คุณ| |เจ้าอาวาส|วัดพระธาตุ|จอม|ศีล| |เจ้าคณะ|ตําบลบ้าน|ถ้ํา| |กล่าวว่า| |ที่ผ่านมา|ได้มี|ตํานาน|ว่า|เจ้าเมือง|ในพื้นที่|จังหวัด|พะเยา|ได้|เกิดการ|ล้มป่วย|ลง|และ|ใน| |นิมิต|ให้มีการ|จัดสร้าง|พระ|ทรง|เครื่อง|ขึ้น| |แต่เดิม|ได้|ประดิษฐาน| |ที่บริเวณ|วัด|หลวง|ใน|หรือ|วัด|หลวง|ราช|ส|ัณ|ฐาน| |อําเภอ|เมือง|พะเยา|แต่ต่อมา|พระพุทธรูป|องค์|ดังกล่าว|ได้|สูญหายไป|จากเมือง|พะเยา| |ทาง|อาตมา| |พร้อมด้วย|คณะ|ศรัทธา|ญาติโยม|จึงได้มีแนวคิด|ที่จะ|จัดสร้าง|พระพุทธรูป|ทรง|เครื่อง|ขึ้น|แต่ก็ขาด|ปัจจัย|โดย|ตนเอง|จึงได้|เดินทางไป|ประเทศ|อินเดีย|และ|อธิ|ฐาน|จิต|ขอให้|มีการ|ก่อสร้าง|พระพุทธรูป|ทรง|เครื่อง|ให้ได้|ต่อมาก็มี|ผู้มี|จิต|ศรัทธา|รับ|เป็น|เจ้าภาพ|ในการ|จัดสร้าง|พระพุทธรูป|ทรง|เครื่อง|ดังกล่าว|จนประสบผล|สําเร็จ|ซึ่ง|พระ|ทรง|เครื่อง|องค์|นี้เป็น|ศิลปะ|เชียงแสน| |สิงห์| |หรือ|หลวงพ่อ|พุก|กะ|ย|าภรณ์|มณี|ศรี|ปทุม| |ที่|ประดับ|ด้วย| |แก้ว| |เพชร|นิล|จินดา| |ปิด|ด้วย|ทองคํา|เซ|ร|า|มิค|พร้อมกับ|ติด|องค์|พระพุทธรูป|และ|เทพ|พนม| |อย่าง|ละ| |องค์| |กับ|องค์พระ|ทรง|เครื่อง|ด้วย|โดยองค์|พระพุทธรูป|มีความสูง| |เมตร| |หน้า|ตัก|กว้าง| |เมตร|ใช้งบประมาณ|ในการ|ก่อสร้าง|จํานวน| |ล้านบาท| |เริ่ม|ก่อสร้าง|เมื่อปี| |พศ| |ต่อมาเมื่อ|วันที่ |มิถุนายน| |พศ|พระเจ้าหลาน|เธอ|พระองค์เจ้า|อ|ทิต|ย|า|ทร|กิติ|คุณ| |ได้|เสด็จ|เป็น|องค์|ประธาน|ตัด|หวาย|ลูก|นิมิต|อุโบสถ| |และทรง|กราบไหว้| |พระ|ทรง|เครื่อง| |ที่|ประดิษฐาน| |ใน|อุโบสถ| |หลวงพ่อ|พุก|กะ|ย|าภรณ์|มณี|ศรี|ปทุม|พระพุทธรูป|ทรง|เครื่อง| |ที่|ใหญ่ที่สุด|ในโลก,,0,Nonhatespeech,Positive,,Others
"#SootinClaimon.Com : ขอบคุณแหล่งข้อมูล : หนังสือพิมพ์โพสต์ทูเดย์ วันที่ 29 ธ.ค. 2563 เวลา 14:30 น.ชาวอเมริกันจะได้รับเงินช่วยเหลือจากรัฐบาลสูงสุดคนละ 60,140 บาท สภาผู้แทนราษฎรสหรัฐซึ่งพรรคเดโมแครตครองเสียงข้างมากลงมติ 275 ต่อ 134 เสียง เห็นชอบให้อนุมัติวงเงินช่วยเหลือชาวอเมริกันที่ได้รับผลกระทบจาก Covid-19 จากเดิมที่จะได้รับคนละ 600 เหรียญสหรัฐ หรือ 18,042 บาท เป็น 2,000 เหรียญสหรัฐ หรือ 60,140 บาท การมีสิทธิ์ได้รับเช็คจะพิจารณาจากการคืนภาษีล่าสุดของแต่ละบุคคล โดยผู้ที่มีรายได้ต่ำกว่า 75,000 เหรียญสหรัฐ หรือคู่สมรสที่มีรายได้รวมกัน 150,000 เหรียญสหรัฐ จะได้รับเงินช่วยเหลือเต็มจำนวน และจำนวนเงินช่วยเหลือที่จะได้รับต่อคนจะลดลง 5 เหรียญสหรัฐ ทุกๆ 100 เหรียญสหรัฐที่เกินจาก 75,000 เหรียญสหรัฐ และผู้ที่มีเงินได้เกิน 99,000 เหรียญสหรัฐ หรือคู่สมรสที่มีเงินได้รวมกันเกิน 198,000 เหรียญสหรัฐจะไม่ได้รับเงินช่วยเหลือ อาร์ต พศุตม์ ทำอาหารแจกแรงงานพม่าที่ถูกกักตัวเพราะโควิด-19 ม.4ระยองติดโควิดโยงผู้ปกครองเข้าบ่อน โรงเรียนปิดไม่มีกำหนดเปิด จากนี้มาตรการดังกล่าวจะถูกส่งต่อให้วุฒิสภาซึ่งพรรครีพับลิกันครองเสียงข้างมากพิจารณาต่อไป ซึ่งอาจต้องลุ้นกันเล็กน้อย เนื่องจากสมาชิกจากพรรครีพับลิกันหลายคนกังวลว่าการเพิ่มเงินช่วยเหลือจะเป็นภาระทางการคลังของประเทศ ก่อนหน้านี้ประธานาธิบดี โดนัลด์ ทรัมป์ เรียกร้องให้แก้ไขเพิ่มเงินช่วยเหลือก่อนการลงนามกฎหมายงบประมาณ ซึ่งรวมเงินช่วยเหลือประชาชนและภาคธุรกิจที่ได้รับผลกระทบจากโควิด-19 ที่เพิ่งอนุมัติครั้งล่าสุดเป็นเงิน 2.3 ล้านล้านดอลลาร์สหรัฐ โดยทรัมป์สนับสนุนให้เพิ่มเงินช่วยเหลือชาวอเมริกันและตัดลดเงินช่วยเหลือต่างชาติ http://sootinclaimon.com/2020/12/29/%e0%b8%aa%e0%b8%a0%e0%b8%b2%e0%b8%aa%e0%b8%ab%e0%b8%a3%e0%b8%b1%e0%b8%90%e0%b9%84%e0%b8%9f%e0%b9%80%e0%b8%82%e0%b8%b5%e0%b8%a2%e0%b8%a7%e0%b9%80%e0%b8%9e%e0%b8%b4%e0%b9%88%e0%b8%a1%e0%b9%80%e0%b8%87/",ขอบคุณแหล่ง|ข้อมูล|หนังสือพิมพ์|โพสต์|ทูเดย์|วันที่ |ธ|ค|เวลา |น|ชาว|อเมริกัน|จะ|ได้รับเงิน|ช่วยเหลือ|จากรัฐบาล|สูงสุด|คนละ| |บาท| |สภาผู้แทน|ราษฎร|สหรัฐ|ซึ่ง|พรรค|เดโมแครต|ครอง|เสียงข้าง|มาก|ลงมติ| |ต่อ|เสียง |เห็นชอบให้|อนุมัติ|วงเงิน|ช่วยเหลือ|ชาว|อเมริกัน|ที่ได้รับ|ผลกระทบจาก| |จากเดิมที่|จะได้รับ|คนละ| |เหรียญ|สหรัฐ| |หรือ| |บาท| |เป็น| |เหรียญ|สหรัฐ| |หรือ| |บาท|การมีสิทธิ์|ได้รับ|เช็ค|จะพิจารณา|จากการ|คืน|ภาษี|ล่าสุด|ของ|แต่ละบุคคล|โดยผู้ที่|มีรายได้|ต่ํากว่า| |เหรียญ|สหรัฐ| |หรือ|คู่สมรส|ที่|มีรายได้|รวมกัน| |เหรียญ|สหรัฐ|จะได้รับเงิน|ช่วยเหลือ|เต็ม|จํานวน|และจํานวนเงิน|ช่วยเหลือ|ที่|จะได้รับ|ต่อ|คน|จะลดลง| |เหรียญ|สหรัฐ| |ทุกๆ| |เหรียญ|สหรัฐ|ที่|เกิน|จาก| |เหรียญ|สหรัฐ|และผู้ที่มี|เงินได้|เกิน| |เหรียญ|สหรัฐ| |หรือ|คู่สมรส|ที่มี|เงินได้|รวมกัน|เกิน| |เหรียญ|สหรัฐ|จะไม่|ได้รับเงิน|ช่วยเหลือ| |อาร์ต| |พ|ศุ|ตม์| |ทําอาหาร|แจก|แรงงาน|พม่า|ที่ถูก|กักตัว|เพราะ|โค|วิด| |ม|ระยอง|ติด|โค|วิด|โยง|ผู้ปกครอง|เข้า|บ่อน| |โรงเรียน|ปิด|ไม่มี|กําหนด|เปิด| |จาก|นี้|มาตรการ|ดังกล่าว|จะถูก|ส่งต่อ|ให้|วุฒิสภา|ซึ่ง|พรรค|รีพับลิกัน|ครอง|เสียงข้าง|มาก|พิจารณา|ต่อไป|ซึ่งอาจต้อง|ลุ้นกัน|เล็กน้อย|เนื่องจากสมาชิก|จากพรรค|รีพับลิกัน|หลายคน|กังวลว่า|การเพิ่ม|เงิน|ช่วยเหลือ|จะ|เป็นภาระ|ทาง|การคลัง|ของประเทศ|ก่อนหน้านี้|ประธานาธิบ|ดี| |โดนัลด์| |ทรัมป์| |เรียกร้อง|ให้|แก้ไข|เพิ่ม|เงิน|ช่วยเหลือ|ก่อนการ|ลงนาม|กฎหมาย|งบประมาณ|ซึ่งรวม|เงิน|ช่วยเหลือ|ประชาชน|และ|ภาคธุรกิจ|ที่ได้รับ|ผลกระทบจาก|โค|วิด| |ที่เพิ่ง|อนุมัติ|ครั้ง|ล่าสุด|เป็นเงิน| |ล้าน|ล้านดอลลาร|์สหรัฐ|โดยทรัมป์|สนับสนุน|ให้|เพิ่ม|เงิน|ช่วยเหลือ|ชาว|อเมริกัน|และ|ตัด|ลด|เงิน|ช่วยเหลือ|ต่างชาติ| |%|%|%|%|%|%|%|%|%|%|%|%|%|%|%|%|%|%|%|%|%|%|%|%|%|%|%|%|%|%|%|%|%|%|%|%|%|%|%|%|%|%|%|%|%|%|%|%|%|%|%|%|%|%|%|%|%|%|%|%|%|%|%|%|%|%,,0,Nonhatespeech,Positive,,Others
สุภาวดี เจริญศิริ ผู้ว่าสมุทรสาครไม่ได้ทำผิดคนผิดคือไอ้คนที่พาเอาแรงงานพม่าเข้ามาทำไมไม่ไปจับล่ะสงสารผู้ว่าจังเลย,สุภ|า|วดี| |เจริญ|ศิริ| |ผู้ว่า|สมุทรสาคร|ไม่ได้|ทําผิด|คน|ผิด|คือ|ไอ้คน|ที่|พ|า|เอา|แรงงาน|พม่า|เข้ามา|ทําไมไม่|ไป|จับ|ล่ะ|สงสาร|ผู้ว่า|จังเลย,,0,Nonhatespeech,Positive,,Others
พูดแต่ว่าเราไม่มีจะกิน แต่ประเทศไทยติดเชื้อก็เรื่องของมึง ให้สงสารและอย่ารังเกียจพวกพม่า 8-9เดือนที่แล้ว ครอบครัวไหนที่มีลูกกลับมาจากเมืองนอกคุณก็เป็นแบบนี้กับคนไทยไม่ใช่รึครับ รังเกียจและกลัวกลุ่มคนที่กลับมาจากเมืองนอกบอกว่าจะขอลาออกบ้าง ขอขึ้นเงินเดือนบ้าง เล่นตัวต่างๆนานา. มาตอนนี้ ให้คนไทยสงสาร ตลกมากๆ คนเหล่านี้ต่างเอาตัวรอดครับ ไม่ใช่ประเทศเขา เค้ามาเพื่อหาเงินอย่างเดียว พอโดนรังเกียจก็มาขอความเห็นใจ แต่ประเทศของเราจะเดือดร้อนแค่ไหนไม่เคยพูด. ตลก,พูดแต่ว่า|เราไม่มี|จะกิน|แต่ประเทศไทย|ติดเชื้อ|ก็|เรื่องของ|มึง| |ให้|สงสาร|และ|อย่า|รังเกียจ|พวก|พม่า| |เดือน|ที่|แล้ว| |ครอบครัว|ไหน|ที่|มีลูก|กลับมาจาก|เมืองนอก|คุณก็|เป็นแบบนี้|กับ|คนไทย|ไม่ใช่|รึ|ครับ| |รังเกียจ|และ|กลัว|กลุ่มคนที่|กลับมาจาก|เมืองนอก|บอกว่า|จะขอ|ลาออก|บ้าง|ขอขึ้น|เงินเดือน|บ้าง| |เล่น|ตัว|ต่างๆ|นาน|า| |มา|ตอนนี้| |ให้คนไทย|สงสาร| |ตลก|มากๆ| |คนเหล่านี้|ต่าง|เอาตัวรอด|ครับ|ไม่ใช่ประเทศ|เขา|เค้ามาเพื่อ|หาเงิน|อย่างเดียว|พอโดน|รังเกียจ|ก็มา|ขอความ|เห็นใจ|แต่ประเทศ|ของ|เราจะ|เดือดร้อน|แค่ไหน|ไม่เคย|พูด| |ตลก,,0,Nonhatespeech,Positive,,Others
#ยิงๆๆๆๆๆๆๆ มันทิ้งไปเลย พม่าหัวค่วยไอ้สัส,ยิง|ๆๆๆ|ๆๆๆ|ๆ|มันทิ้งไป|เลย| |พม่า|หัว|ค|่วย|ไอ้สัส,#ยิง|ๆๆๆ|ๆๆๆ|ๆ|มัน|#ทิ้ง|#ไปเลย| |#พม่า|#หัว|#ควย|#ไอ้สัส,-2,Hatespeech,Negative,#ยิง ๆๆๆ ๆๆๆ ๆ มัน #ทิ้ง #ไปเลย   #พม่า #หัว #ควย #ไอ้สัส,Anger
ทำไมไม่ทำรั้ว ลวด ติดกระดิ่ง ตรวจเจอ จับส่งกลับ ไม่กลับ ยิงทิ้งไปเลย พม่า ทำความเดือดร้อนให้คนไทยเท่าไร ทั้ง ขี่รถ ไม่สนใจใคร เมายา เล่นยา ขนยา มาอยู่แล้ว สกปรกทิ้งขยะ ไม่เป็นที่ คนกทมไม่าดู นายยก นายตำรวจ เคยใส่ใจไหม เรื่องให้ แรงงานพม่าเข้า มา ความสะอาด ไม่ได้ เป็นภาหะโรคต่างๆ เอาแต่งินค่าวีซ่า ทำงาน ไม่ใส่จเลย ว่าเขาเข้ามาแล้วทำลายสิ่งเเวดล้อม ทางบกทางทะเลเท่าไรแล้ว พวก เรือประมง สนใจรายละอียด พวกนี้บ้างนะ ส่วน โควิท รับรอง เกิน3000 แน่นอน,ทําไมไม่ทํา|รั้ว| |ลวด| |ติด|กระ|ดิ่ง| |ตรวจ|เจอ|จับส่งกลับ|ไม่กลับ| |ยิง|ทิ้งไป|เลย| |พม่า| |ทําความ|เดือดร้อน|ให้คนไทย|เท่าไร| |ทั้ง| |ขี่รถ| |ไม่สนใจ|ใคร| |เม|า|ย|า| |เล่น|ย|า| |ขน|ย|า| |มา|อยู่แล้ว| |สกปรก|ทิ้งขยะ| |ไม่เป็น|ที่|คนกทม|ไม่|า|ดู|นายยก| |นายตํารวจ|เคยใส่ใจ|ไหม|เรื่องให้| |แรงงาน|พม่า|เข้า| |มา| |ความสะอาด|ไม่ได้ |เป็น|ภ|า|หะ|โรค|ต่างๆ|เอาแต่ง|ิน|ค่า|วีซ่า| |ทํางาน| |ไม่ใส่|จ|เลย| |ว่าเขา|เข้ามา|แล้ว|ทําลาย|สิ่ง|เ|เว|ด|ล้อม| |ทาง|บก|ทางทะเล|เท่าไร|แล้ว|พวก |เรือประมง| |สนใจ|รายละ|อี|ย|ด| |พวกนี้|บ้างนะ|ส่วน |โค|วิท| |รับรอง| |เกิน|แน่นอน,ทําไมไม่ทํา|รั้ว| |ลวด| |ติด|กระ|ดิ่ง| |ตรวจ|เจอ|#จับส่งกลับ|#ไม่กลับ| |#ยิง|#ทิ้งไป|#เลย| |#พม่า| |#ทําความ|#เดือดร้อน|#ให้คนไทย|เท่าไร| |#ทั้ง| |#ขี่รถ| |#ไม่สนใจ|#ใคร| |#เมา|#ยา| |#เล่น|#ยา| |#ขน|#ยา| |มา|อยู่แล้ว| |#สกปรก|#ทิ้งขยะ| |#ไม่เป็น|#ที่|คนกทม|ไม่|า|ดู|นายยก| |นายตํารวจ|เคยใส่ใจ|ไหม|เรื่องให้| |แรงงาน|พม่า|เข้า| |มา| |ความสะอาด|ไม่ได้ |เป็น|ภ|า|หะ|โรค|ต่างๆ|เอาแต่ง|ิน|ค่า|วีซ่า| |ทํางาน| |ไม่ใส่|จ|เลย| |ว่าเขา|เข้ามา|แล้ว|ทําลาย|สิ่ง|เ|เว|ด|ล้อม| |ทาง|บก|ทางทะเล|เท่าไร|แล้ว|พวก |เรือประมง| |สนใจ|รายละ|อี|ย|ด| |พวกนี้|บ้างนะ|ส่วน |โค|วิด| |รับรอง| |เกิน|แน่นอน,-2,Hatespeech,Negative,ทําไมไม่ทํา รั้ว   ลวด   ติด กระ ดิ่ง   ตรวจ เจอ #จับส่งกลับ #ไม่กลับ   #ยิง #ทิ้งไป #เลย   #พม่า   #ทําความ #เดือดร้อน #ให้คนไทย เท่าไร   #ทั้ง   #ขี่รถ   #ไม่สนใจ #ใคร   #เมา #ยา   #เล่น #ยา   #ขน #ยา   มา อยู่แล้ว   #สกปรก #ทิ้งขยะ   #ไม่เป็น #ที่ คนกทม ไม่ า ดู นายยก   นายตํารวจ เคยใส่ใจ ไหม เรื่องให้   แรงงาน พม่า เข้า   มา   ความสะอาด ไม่ได้  เป็น ภ า หะ โรค ต่างๆ เอาแต่ง ิน ค่า วีซ่า   ทํางาน   ไม่ใส่ จ เลย   ว่าเขา เข้ามา แล้ว ทําลาย สิ่ง เ เว ด ล้อม   ทาง บก ทางทะเล เท่าไร แล้ว พวก  เรือประมง   สนใจ รายละ อี ย ด   พวกนี้ บ้างนะ ส่วน  โค วิด   รับรอง   เกิน แน่นอน,Anger
น้ำใจคนไทย ต่อ เพื่อนพี่น้องชาวพม่า ในยามทุกข์ยากร่วมกัน !,น้ําใจ|คนไทย| |ต่อ|เพื่อนพี่น้อง|ชาวพม่า| |ในยาม|ทุกข์ยาก|ร่วมกัน,,1,Nonhatespeech,Neutral,,trust
พม่านี้เบียดเบียนไทยไม่มีสิ้นสุด สมัยข้าศึกก็มาตีไทย สมัยนี้ก็เข้ามาหางาน ตอนที่ไทยโควิดระบาดทะยอยกันกลับบ้านแทบเป็นแทบตาย ไงตอนนี้จะเข้ามาแล้วเรียกร้อง มึงคิดมั่งมั้ยว่าเศรษฐกิจบ้านกูมันแย่แค่ไหน ลำพังประเทศไทยก็ไม่มีจะกินแล้ว มึงพากันมีความรู้เรื่องเศรษฐกิจไทยปะเนี่ย เขารู้กันทั้งโลกโว้ย,พม่า|นี้|เบียดเบียน|ไทย|ไม่มี|สิ้นสุด| |สมัย|ข้าศึก|ก็มา|ตี|ไทย| |สมัยนี้|ก็|เข้ามา|หางาน|ตอนที่ไทย|โค|วิด|ระบาด|ทะ|ย|อย|กัน|กลับบ้าน|แทบ|เป็น|แทบตาย| |ไง|ตอนนี้|จะเข้ามา|แล้ว|เรียกร้อง|มึงคิด|มั่ง|มั้ย|ว่า|เศรษฐกิจ|บ้าน|กู|มันแย่|แค่ไหน| |ลําพัง|ประเทศไทย|ก็ไม่มี|จะกิน|แล้ว|มึงพากัน|มีความรู้|เรื่อง|เศรษฐกิจ|ไทย|ปะ|เนี่ย|เขารู้กัน|ทั้งโลก|โว้ย,#พม่า|นี้|#เบียดเบียน|#ไทย|#ไม่มี|#สิ้นสุด| |สมัย|ข้าศึก|ก็มา|ตี|ไทย| |สมัยนี้|ก็|เข้ามา|หางาน|ตอนที่ไทย|โค|วิด|ระบาด|ทะ|ย|อย|กัน|กลับบ้าน|แทบ|เป็น|แทบตาย| |ไง|ตอนนี้|จะเข้ามา|แล้ว|เรียกร้อง|มึงคิด|มั่ง|มั้ย|ว่า|เศรษฐกิจ|บ้าน|กู|มันแย่|แค่ไหน| |#ลําพัง|#ประเทศไทย|#ก็ไม่มี|#จะกิน|#แล้ว|มึงพากัน|มีความรู้|เรื่อง|เศรษฐกิจ|ไทย|ปะ|เนี่ย|เขารู้กัน|ทั้งโลก|โว้ย,-1,Hatespeech,Negative,#พม่า นี้ #เบียดเบียน #ไทย #ไม่มี #สิ้นสุด   สมัย ข้าศึก ก็มา ตี ไทย   สมัยนี้ ก็ เข้ามา หางาน ตอนที่ไทย โค วิด ระบาด ทะ ย อย กัน กลับบ้าน แทบ เป็น แทบตาย   ไง ตอนนี้ จะเข้ามา แล้ว เรียกร้อง มึงคิด มั่ง มั้ย ว่า เศรษฐกิจ บ้าน กู มันแย่ แค่ไหน   #ลําพัง #ประเทศไทย #ก็ไม่มี #จะกิน #แล้ว มึงพากัน มีความรู้ เรื่อง เศรษฐกิจ ไทย ปะ เนี่ย เขารู้กัน ทั้งโลก โว้ย,disagreeable
เอิ่มอีพม่า เข้ามาอยู่ในประเทศเขาเเล้วจะนำความเดือดร้อนนู้นนี่มาอีกนะ ล่าสุดพังกำแพงหนี!!! เกินไปป่ะถามจริง มึงจะตายก็ให้ตายคนเดียวไปอย่าเอาความเดือนร้อนมาให้คนอื่น,เอิ่ม|อี|พม่า| |เข้ามา|อยู่ใน|ประเทศ|เขา|เเล้ว|จะนํา|ความ|เดือดร้อน|นู้น|นี่|มา|อีกนะ|ล่าสุดพัง|กําแพง|หนี| |เกินไป|ป่ะ|ถามจริง|มึงจะตาย|ก็|ให้ตาย|คนเดียว|ไป|อย่าเอา|ความ|เดือน|ร้อน|มา|ให้คนอื่น,เอิ่ม|#อีพม่า| |เข้ามา|อยู่ใน|ประเทศ|เขา|แล้ว|จะนํา|ความ|เดือดร้อน|นู้น|นี่|มา|อีกนะ|ล่าสุดพัง|กําแพง|หนี| |เกินไป|ป่ะ|ถามจริง|#มึงจะตาย|#ก็|#ให้ตาย|#คนเดียว|ไป|อย่าเอา|ความ|เดือน|ร้อน|มา|ให้คนอื่น,-1,Hatespeech,Negative,เอิ่ม #อีพม่า   เข้ามา อยู่ใน ประเทศ เขา แล้ว จะนํา ความ เดือดร้อน นู้น นี่ มา อีกนะ ล่าสุดพัง กําแพง หนี   เกินไป ป่ะ ถามจริง #มึงจะตาย #ก็ #ให้ตาย #คนเดียว ไป อย่าเอา ความ เดือน ร้อน มา ให้คนอื่น,Anger
เค้ารู่ตัวคนลักลอบ เอาแรงงานพม่าเข้ามา เป็นเครือญาติ รุ้จัก ประยุทธ ทั้งนั้น ทำไมไม่จัดการ https://www.facebook.com/374295499351244/posts/3663816303732464/?d=n,เค้ารู|่|ตัว|คน|ลักลอบ|เอาแรงงาน|พม่า|เข้ามา| |เป็น|เครือญาติ| |รุ้|จัก| |ประยุทธ| |ทั้งนั้น|ทําไมไม่จัดการ,,0,Nonhatespeech,Positive,,Others
ทุกคนที่ออกมาพูดว่าคนไทยเกลียดพม่าเราไม่ได้เกลียดแต่ไม่ชอบที่ลักลอบเข้ามาโดยมีขบวนการค้ามนุษย์นำเข้ามทุกสื่อก็ประโคมข่าวหาว่าอย่ารังเกียจเขาเพราะเขามาช่วยขับเคลื่อนเศรษฐกิจของเราคือเบี่ยงเบนประเด็นเรื่องการเข้ามาแบบผิดกฎหมายลองคนไทยเข้าไปแบบผิดกฎหมายที่นั้นดูสิและแพร่เชื้อโรคแบบที่เราเจอคิดว่าเขาจะมายกยอบุญคุณท่วมฟ้ามหาสมุทรในความดีที่เราไปทำงานแบบผิดกฎหมายบ้านเมืองเขาแบบนี้หรือเปล่า คงมีแต่ที่ไทยนี่แหละหนึ่งเดียวในจักรวาลที่คนทำผิดกลับมีบุญคุณล้นฟ้า มันคือการสนับสนุนการค้ามนุษย์ชัดๆเลย ให้เขาเข้ามาแบบถูกต้องรัฐก็ได้เงินและคุมโรคได้,ทุกคนที่ออกมา|พูดว่า|คนไทย|เกลียด|พม่า|เราไม่ได้|เกลียด|แต่|ไม่ชอบ|ที่|ลักลอบ|เข้ามา|โดยมี|ขบวนการ|ค้ามนุษย์|นําเข้า|ม|ทุก|สื่อ|ก็|ประ|โคม|ข่าว|หาว่า|อย่า|รังเกียจ|เขา|เพราะเขา|มาช่วย|ขับเคลื่อน|เศรษฐกิจ|ของเรา|คือ|เบี่ยงเบน|ประเด็น|เรื่องการ|เข้ามา|แบบ|ผิดกฎหมาย|ลอง|คนไทย|เข้าไป|แบบ|ผิดกฎหมาย|ที่|นั้น|ดูสิ|และ|แพร่|เชื้อโรค|แบบที่|เราเจอ|คิดว่าเขา|จะมา|ยก|ยอ|บุญคุณ|ท่วม|ฟ้า|มหาสมุทร|ใน|ความดี|ที่เรา|ไปทํางาน|แบบ|ผิดกฎหมาย|บ้านเมือง|เขา|แบบนี้|หรือเปล่า|คงมีแต่|ที่ไทย|นี่แหละ|หนึ่งเดียว|ใน|จักรวาล|ที่|คน|ทําผิด|กลับ|มี|บุญคุณ|ล้น|ฟ้า|มันคือการ|สนับสนุน|การ|ค้ามนุษย์|ชัดๆ|เลย| |ให้เขา|เข้ามา|แบบ|ถูกต้อง|รัฐ|ก็ได้|เงิน|และ|คุม|โรค|ได้,,0,Nonhatespeech,Positive,,Others
การปฏิวัติของเราจะไม่มีการแบ่งแยกแผ่นดินส่วนใดส่วนหนึ่งออกไปเราจะอยู่ร่วมกันเป็นเครือญาติพี่น้องเท่าเทียมในกองทัพลูกหลานเราก็ได้รักการศึกษาเท่าเทียมกันหมดประชาชนเราก็ต้องดูแลเท่าเทียมกันจะไม่มีการแบ่งแบ่งแยกวิญญาณออกภายใต้การนำระบบคอมมิวนิสต์โซเวียตของเราหากใครไม่พึงพอใจไม่พึงประสงค์ก็ไปเข้าร่วมเข้าร่วมกับรัฐบาลพม่าได้เราไม่ว่าอะไรในความคิดอุดมการณ์สมบัติในชาติที่มีค่ามันเป็นศาสนาของเรามูลค่าไม่อาจประเมินได้เราช่วยกันร่วมมือกันปกป้องไว้,การปฏิวัติ|ของเรา|จะไม่มี|การแบ่งแยก|แผ่นดิน|ส่วน|ใด|ส่วนหนึ่ง|ออกไป|เราจะ|อยู่|ร่วมกัน|เป็น|เครือญาติ|พี่น้อง|เท่าเทียม|ใน|กองทัพ|ลูกหลาน|เราก็|ได้|รัก|การศึกษา|เท่าเทียม|กันหมด|ประชาชน|เราก็ต้อง|ดูแล|เท่าเทียม|กัน|จะไม่มีการ|แบ่ง|แบ่งแยก|วิญญาณ|ออก|ภายใต้การ|นํา|ระบบ|ค|อมมิวนิสต์|โซเวียต|ของเรา|หากใคร|ไม่|พึงพอใจ|ไม่|พึงประสงค์|ก็ไป|เข้าร่วม|เข้าร่วม|กับ|รัฐบาลพม่า|ได้|เรา|ไม่ว่าอะไร|ในความคิด|อุดมการณ์|สมบัติ|ใน|ชาติ|ที่มีค่า|มันเป็น|ศาสนา|ของเรา|มูลค่า|ไม่อาจ|ประเมิน|ได้|เรา|ช่วยกัน|ร่วมมือกัน|ปกป้อง|ไว้,,1,Nonhatespeech,Neutral,,trust
ตายๆๆพม่าแพร่เชื้อแต่คนไทยลำบาก,ตาย|ๆๆ|พม่า|แพร่|เชื้อ|แต่|คนไทย|ลําบาก,#ตาย|ๆๆ|#พม่า|#แพร่|#เชื้อ|แต่|#คนไทย|#ลําบาก,-1,Hatespeech,Negative,#ตาย ๆๆ #พม่า #แพร่ #เชื้อ แต่ #คนไทย #ลําบาก,Anger
ปล่อยให้แม่งมึงตายห่าไปเลยพม่า,ปล่อยให้|แม่ง|มึง|ตายห่า|ไปเลย|พม่า,#ปล่อยให้|#แม่ง|#มึง|#ตายห่า|#ไปเลย|#พม่า,-1,Hatespeech,Negative,#ปล่อยให้ #แม่ง #มึง #ตายห่า #ไปเลย #พม่า,Anger
น่าสงสารคะ่ทางพม่าน่าจะเข้ามาช่วยเหลือพวกเขานะคะ่น่าเห็นใจแล้วเอาพวกเขามาทิ้งแบบนี้??,น่าสงสาร|คะ|่|ทาง|พม่า|น่าจะ|เข้ามา|ช่วยเหลือ|พวกเขา|นะคะ|่|น่าเห็นใจ|แล้วเอา|พวกเขา|มา|ทิ้ง|แบบนี้,,1,Nonhatespeech,Neutral,,trust
Somjit Akethongbua คุณสมจิตรติดอีกหรือค่ะโควิคแย่ๆนะน่ากล้วพวกพม่ามากจะตาย,คุณสม|จิตร|ติด|อีก|หรือ|ค่ะ|โค|วิค|แย่ๆ|นะ|น่า|ก|ล้ว|พวก|พม่า|มาก|จะตาย,คุณ|สมจิตร|ติด|อีก|หรือ|ค่ะ|โควิด|แย่ๆ|นะ|น่า|#กลัว|#พวก|#พม่า|มาก|จะตาย,-1,Hatespeech,Positive,คุณ สมจิตร ติด อีก หรือ ค่ะ โควิด แย่ๆ นะ น่า #กลัว #พวก #พม่า มาก จะตาย,Sadness
น่าสงสารคนพม่าครับ เขาจากบ้านมาเพื่อหาเงินเลี้ยงครอบครัวเขา ลูกๆเขารอแม่พ่อกลับบ้านเพื่อกินขนมอยู่ที่บ้าน,น่าสงสาร|คน|พม่า|ครับ|เขาจากบ้าน|มาเพื่อ|หาเงิน|เลี้ยง|ครอบครัว|เขา| |ลูกๆ|เขา|รอ|แม่|พ่อ|กลับบ้าน|เพื่อ|กิน|ขนม|อยู่|ที่บ้าน,,1,Nonhatespeech,Neutral,,trust
พอลำบากก้อจะมาขอร้องงอ้อนวอน ตอนไล่ฆ่าโรฮิงยากูเห็นพวกมึงม่สงสารเค้าเลย อีพม่า,พอลําบาก|ก้อ|จะมา|ขอร้อง|ง|อ้อนวอน|ตอนไล่|ฆ่า|โรฮิงยา|กู|เห็น|พวกมึง|ม่|สงสาร|เค้า|เลย|อีพม่า,พอลําบาก|ก้อ|จะมา|ขอร้อง|ง|อ้อนวอน|#ตอนไล่|#ฆ่า|#โรฮิงยา|#กู|#เห็น|#พวกมึง|#ม่|#สงสาร|#เค้า|#เลย|#อีพม่า,-1,Hatespeech,Negative,พอลําบาก ก้อ จะมา ขอร้อง ง อ้อนวอน #ตอนไล่ #ฆ่า #โรฮิงยา #กู #เห็น #พวกมึง #ม่ #สงสาร #เค้า #เลย #อีพม่า,Anger
ส่งต่างด้าวกลับไป มันก็ลักลอบหนีเข้ามาอีกประเทศมันยิ่งลำบากหนัก อยู่ไทยสบายกว่า เท่าที่เคยทำงานกันพวกนี้สันดานมันไม่เคยรักข้าวของๆคนไทยเลย ถึงจะมีบุญคุณกับมันขนาดไหนแม่งใช้ข้าวของๆคนไทยแบบว่าพังช่างมันไม่ใช่ของกรุ(พม่า) ...พวกเหี่ยนี้ไม่รักแผ่นดินไทยหรอก..คิดซิ มีอย่างเดียว ยิงทิ้งให้หมดถ้าเห็น เลี้ยงไว้เป็นภาระประเทศ คนในประเทศยังอดๆอยากๆ แต่เมิงยังไปเลี้ยงดูไอ้พวกนี้อยู่ทั้งที่แม่งมาอยู่ประเทศเราทำประโยชน์แค่น้อยนิด แต่หาประโยชน์เข้าประเทศมันซ่ะเยอะแถมทำลายประเทศไทยอีก ถ้าเมิงยังคิดว่าพม่าซื่อสัตย์ต่อคนไทยน่ะ กรุว่าเมิงเอาตีนก่ายหน้าฝากคิดใหม่เลย,ส่ง|ต่างด้าว|กลับไป|มันก็ลักลอบ|หนี|เข้ามา|อีก|ประเทศ|มัน|ยิ่ง|ลําบาก|หนัก| |อยู่|ไทย|สบาย|กว่า|เท่าที่เคยทํางาน|กัน|พวกนี้|สันดาน|มัน|ไม่เคย|รัก|ข้าวของ|ๆ|คนไทย|เลย|ถึงจะมี|บุญคุณ|กับมัน|ขนาดไหน|แม่ง|ใช้|ข้าวของ|ๆ|คนไทย|แบบว่า|พัง|ช่าง|มันไม่ใช่|ของ|กรุ|พวกเห|ี่ย|นี้|ไม่รัก|แผ่นดิน|ไทย|หรอก|คิด|ซิ|มีอย่างเดียว| |ยิง|ทิ้ง|ให้หมด|ถ้า|เห็น| |เลี้ยงไว้|เป็นภาระ|ประเทศ|คนในประเทศ|ยัง|อด|ๆ|อยาก|ๆ|แต่เมิง|ยัง|ไป|เลี้ยงดู|ไอ้พวก|นี้|อยู่|ทั้งที่|แม่ง|มาอยู่|ประเทศ|เราทํา|ประโยชน์|แค่|น้อยนิด|แต่หา|ประโยชน์|เข้าประเทศ|มัน|ซ|่ะ|เยอะ|แถม|ทําลาย|ประเทศไทย|อีก|ถ้าเมิง|ยัง|คิดว่า|พม่า|ซื่อสัตย์|ต่อ|คนไทย|น่ะ| |กรุ|ว่า|เมิง|เอา|ตีน|ก่|า|ย|หน้า|ฝาก|คิด|ใหม่|เลย,#ส่ง|#ต่างด้าว|#กลับไป|มันก็|#ลักลอบ|#หนี|#เข้ามา|อีก|ประเทศ|มัน|ยิ่ง|#ลําบาก|หนัก| |อยู่|#ไทย|สบาย|กว่า|เท่าที่เคยทํางาน|กัน|พวกนี้|#สันดาน|มัน|ไม่เคย|รัก|ข้าวของ|ๆ|คนไทย|เลย|ถึงจะมี|บุญคุณ|กับมัน|ขนาดไหน|แม่ง|ใช้|ข้าวของ|ๆ|คนไทย|แบบว่า|#พัง|ช่าง|มันไม่ใช่|ของ|กู|#พวกเหี้ย|นี้|ไม่รัก|แผ่นดิน|ไทย|หรอก|คิด|ซิ|มีอย่างเดียว| |#ยิง|#ทิ้ง|#ให้หมด|ถ้า|เห็น| |#เลี้ยงไว้|#เป็นภาระ|ประเทศ|คนในประเทศ|ยัง|อด|ๆ|อยาก|ๆ|แต่มึง|ยัง|ไป|เลี้ยงดู|ไอ้พวก|นี้|อยู่|ทั้งที่|แม่ง|มาอยู่|ประเทศ|เรา|#ทํา|#ประโยชน์|#แค่|#น้อยนิด|แต่|#หา|#ประโยชน์|#เข้าประเทศ|#มัน|#ซะ|#เยอะ|แถม|#ทําลาย|#ประเทศไทย|อีก|ถ้ามึง|ยัง|คิดว่า|#พม่า|#ซื่อสัตย์|ต่อ|#คนไทย|น่ะ| |#กู|#ว่า|#มึง|#เอา|#ตีน|#ก่าย|#หน้า|#ผาก|#คิด|#ใหม่|#เลย,-1,Hatespeech,Negative,#ส่ง #ต่างด้าว #กลับไป มันก็ #ลักลอบ #หนี #เข้ามา อีก ประเทศ มัน ยิ่ง #ลําบาก หนัก   อยู่ #ไทย สบาย กว่า เท่าที่เคยทํางาน กัน พวกนี้ #สันดาน มัน ไม่เคย รัก ข้าวของ ๆ คนไทย เลย ถึงจะมี บุญคุณ กับมัน ขนาดไหน แม่ง ใช้ ข้าวของ ๆ คนไทย แบบว่า #พัง ช่าง มันไม่ใช่ ของ กู #พวกเหี้ย นี้ ไม่รัก แผ่นดิน ไทย หรอก คิด ซิ มีอย่างเดียว   #ยิง #ทิ้ง #ให้หมด ถ้า เห็น   #เลี้ยงไว้ #เป็นภาระ ประเทศ คนในประเทศ ยัง อด ๆ อยาก ๆ แต่มึง ยัง ไป เลี้ยงดู ไอ้พวก นี้ อยู่ ทั้งที่ แม่ง มาอยู่ ประเทศ เรา #ทํา #ประโยชน์ #แค่ #น้อยนิด แต่ #หา #ประโยชน์ #เข้าประเทศ #มัน #ซะ #เยอะ แถม #ทําลาย #ประเทศไทย อีก ถ้ามึง ยัง คิดว่า #พม่า #ซื่อสัตย์ ต่อ #คนไทย น่ะ   #กู #ว่า #มึง #เอา #ตีน #ก่าย #หน้า #ผาก #คิด #ใหม่ #เลย,Anger
ถ้าเป็นทหารแล้วบอกว่าทำเต็มที่แล้วถ้ามีสงครามจริงหารไทยคงถูกทหารพม่าฆ่าตายหมดแล้วถ้าเป็นแบบนี้เสียดายภาษีจริงๆ,ถ้าเป็นทหาร|แล้วบอกว่า|ทํา|เต็มที่|แล้ว|ถ้ามี|สงคราม|จริง|หาร|ไทย|คง|ถูก|ทหารพม่า|ฆ่า|ตาย|หมดแล้ว|ถ้า|เป็นแบบนี้|เสียดาย|ภาษี|จริงๆ,ถ้าเป็นทหาร|แล้วบอกว่า|ทํา|เต็มที่|แล้ว|#ถ้ามี|#สงคราม|#จริง|#ทหาร|#ไทย|#คง|#ถูก|#ทหาร|#พม่า|#ฆ่า|#ตาย|#หมดแล้ว|ถ้า|เป็นแบบนี้|#เสียดาย|#ภาษี|#จริงๆ,0,Nonhatespeech,Negative,ถ้าเป็นทหาร แล้วบอกว่า ทํา เต็มที่ แล้ว #ถ้ามี #สงคราม #จริง #ทหาร #ไทย #คง #ถูก #ทหาร #พม่า #ฆ่า #ตาย #หมดแล้ว ถ้า เป็นแบบนี้ #เสียดาย #ภาษี #จริงๆ,Anger
พม่าเผากรุง,พม่า|เผา|กรุง,#พม่า|#เผา|#กรุง,-1,Hatespeech,Negative,#พม่า #เผา #กรุง,disagreeable
ภาคประชาสังคมพม่า 60 องค์กรวอนอย่าแบ่งแยกผู้ติดเชื้อโควิด,ภาค|ประชาสังคม|พม่า| |องค์กร|วอน|อย่า|แบ่งแยก|ผู้|ติดเชื้อ|โค|วิด,,1,Nonhatespeech,Neutral,,trust
พวกเราเห็นใจคุณที่คุณรับแรงงานพม่าสาธุๆๆๆ,พวกเราเห็นใจ|คุณ|ที่คุณ|รับ|แรงงาน|พม่า|สาธุๆๆ|ๆ,,1,Nonhatespeech,Neutral,,trust
สงสารคนไทย สงสารตัวเอง ต้องมาเดือดร้อนเพราะแรงงานพม่าแบบนี้,สงสารคนไทย|สงสารตัวเอง| |ต้องมา|เดือดร้อน|เพราะ|แรงงาน|พม่า|แบบนี้,,1,Nonhatespeech,Neutral,,Sadness
สู้ๆครับพี่น้องชาวไทยและพี่น้องชาวพม่าและต่างชาติทุกคน..,สู้ๆครับ|พี่น้อง|ชาวไทย|และ|พี่น้อง|ชาวพม่า|และ|ต่างชาติ|ทุกคน,,1,Nonhatespeech,Neutral,,trust
ผีน้อยจะกลับมาไทยแม่งอย่างเยอะ แล้วทีไอ่พม่ามาทำพูดเป็นพี่น้องกัน. บรรลัยล่ะทีนี้พี่น้อง,ผี|น้อย|จะกลับมา|ไทย|แม่ง|อย่าง|เยอะ|แล้วที|ไอ่|พม่า|มาทํา|พูด|เป็น|พี่น้อง|กัน| |บรร|ลัย|ล่ะ|ทีนี้|พี่น้อง,,0,Nonhatespeech,Positive,,Others
เรารู้ต้นตอแล้ว เราจะกำจัดพวกมันแบบไหนถ้าเป็นสมัยโรมันก็ฆ่าทิ้งแต่ยุคสมัยนี้ควรส่งกลับไห้หมดท่าธุระกิจใดขาดแรงงานพม่าไม่ได้ก็ไห้ย้ายไปเปิดในพม่าเราเสียกรุงครั้งที่2เพราะมีทรราชตอนนี้เราก็กำลังเสียกรุงอีกครั้ง เพราะอะไร ... ..,เรารู้|ต้นตอ|แล้ว|เราจะกําจัด|พวกมัน|แบบไหน|ถ้าเป็น|สมัย|โรมัน|ก็|ฆ่า|ทิ้ง|แต่|ยุคสมัย|นี้|ควร|ส่งกลับ|ไห้|หมด|ท่า|ธุระ|กิจ|ใด|ขาด|แรงงาน|พม่า|ไม่ได้|ก็|ไห้|ย้ายไป|เปิด|ในพม่า|เรา|เสีย|กรุง|ครั้งที่|เพราะมี|ทรราช|ตอนนี้|เราก็|กําลัง|เสีย|กรุง|อีกครั้ง| |เพราะอะไร,เรารู้|ต้นตอ|แล้ว|เราจะ|#กําจัด|#พวกมัน|แบบไหน|ถ้าเป็น|สมัย|โรมัน|ก็|#ฆ่า|#ทิ้ง|แต่|ยุคสมัย|นี้|ควร|#ส่งกลับ|#ให้|#หมด|ท่า|ธุรกิจ|ใด|ขาด|#แรงงาน|#พม่า|ไม่ได้|ก็|ให้|ย้ายไป|เปิด|ในพม่า|เรา|เสีย|กรุง|ครั้งที่|เพราะมี|#ทรราช|ตอนนี้|เราก็|กําลัง|#เสีย|#กรุง|อีกครั้ง| |เพราะอะไร,-2,Hatespeech,Negative,เรารู้ ต้นตอ แล้ว เราจะ #กําจัด #พวกมัน แบบไหน ถ้าเป็น สมัย โรมัน ก็ #ฆ่า #ทิ้ง แต่ ยุคสมัย นี้ ควร #ส่งกลับ #ให้ #หมด ท่า ธุรกิจ ใด ขาด #แรงงาน #พม่า ไม่ได้ ก็ ให้ ย้ายไป เปิด ในพม่า เรา เสีย กรุง ครั้งที่ เพราะมี #ทรราช ตอนนี้ เราก็ กําลัง #เสีย #กรุง อีกครั้ง   เพราะอะไร,Anger
1.คนที่ไปก็ผิดครับไม่กักตัวทั้งที่รู้อยู่ว่ามาจากพื้นที่เสี่ยง 2.ระบบการคัดกรองของสุราษฎร์ธานีก็ล้มเหลวที่ไม่สามารถทำตามระบบได้ สรุปผิดกันทั้งนั้น ตั้งแต่ปล่อยให้พม่าลักลอบเข้ามาได้แล้ว ตอนนี้อย่าหาโทษใครแล้วอย่าหาด่าใครเลยควรคิดหาวิธีป้องกันตัวเองจะดีกว่าเพราะพวกรัฐบาลหรือพวกสีกากีไม่ได้ช่วยอะไรเรา มีแต่เราช่วยเหลือตัวเอง นะครับ,คนที่ไปก็|ผิด|ครับ|ไม่|กักตัว|ทั้งที่|รู้|อยู่|ว่า|มาจาก|พื้นที่|เสี่ยง| |ระบบการ|คัดกรอง|ของ|สุ|ราษฎร์ธานี|ก็|ล้มเหลว|ที่|ไม่สามารถ|ทําตาม|ระบบ|ได้|สรุปผิด|กัน|ทั้งนั้น|ตั้งแต่ปล่อยให้|พม่า|ลักลอบ|เข้ามา|ได้แล้ว|ตอนนี้อย่า|หา|โทษ|ใคร|แล้ว|อย่า|หา|ด่า|ใคร|เลย|ควร|คิด|หาวิธี|ป้องกัน|ตัวเอง|จะดีกว่า|เพราะ|พวก|รัฐบาล|หรือ|พวก|สี|ก|า|กี|ไม่ได้|ช่วยอะไร|เรา|มีแต่เรา|ช่วยเหลือ|ตัวเอง| |นะครับ,,0,Nonhatespeech,Neutral,,Others
ความจริงมันมีที่ระนองวิ่งพม่าแต่ตายแล้วบางคนติดคุกนี่?แหละกรรมที่ทำงานไม่ถูกต้องถ้าเข้ากักกันโรคคงไม่เดือดร้อนคงตอ้งหาต้นตอให้เจอแล้วล้างบางซะ,ความจริงมันมี|ที่|ระนอง|วิ่ง|พม่า|แต่|ตายแล้ว|บางคน|ติดคุก|นี่แหละ|กรรม|ที่ทํางาน|ไม่ถูกต้อง|ถ้า|เข้า|กักกัน|โรค|คงไม่|เดือดร้อน|คง|ตอ|้ง|หา|ต้นตอ|ให้|เจอ|แล้ว|ล้าง|บาง|ซะ,ความจริงมันมี|ที่|ระนอง|วิ่ง|#พม่า|แต่|#ตายแล้ว|บางคน|#ติดคุก|นี่แหละ|#กรรม|ที่ทํางาน|#ไม่ถูกต้อง|ถ้า|เข้า|#กักกัน|โรค|คงไม่|#เดือดร้อน|คง|ต้อง|หา|ต้นตอ|ให้|เจอ|แล้ว|#ล้าง|#บาง|ซะ,-2,Hatespeech,Negative,ความจริงมันมี ที่ ระนอง วิ่ง #พม่า แต่ #ตายแล้ว บางคน #ติดคุก นี่แหละ #กรรม ที่ทํางาน #ไม่ถูกต้อง ถ้า เข้า #กักกัน โรค คงไม่ #เดือดร้อน คง ต้อง หา ต้นตอ ให้ เจอ แล้ว #ล้าง #บาง ซะ,Anger
ถ้าปล่อย?แรงงานพม่า กัมพูชา? ลาว ที่ระบาดอย่างหนัก? เข้ามาในประเทศ เตรียม?พังทั้ง?ประเทศ ไม่ว่าอุตสาหกรรม?ไหนก็ดอาไม่อยู่? เพราะพวกเขาหนีตายมาไทย แต่ไม่รู้?ว่าพวกเขา?ติดโรคแล้ว,ถ้าปล่อย|แรงงาน|พม่า| |กัมพูชา| |ลาว| |ที่|ระบาด|อย่างหนัก| |เข้ามา|ในประเทศ|เตรียมพัง|ทั้งประเทศ|ไม่ว่าอุตสาหกรรม|ไหนก็|ดอ|า|ไม่อยู่|เพราะพวกเขา|หนี|ตาย|มา|ไทย|แต่ไม่รู้ว่า|พวกเขา|ติด|โรค|แล้ว,#ถ้าปล่อย|#แรงงาน|#พม่า| |#กัมพูชา| |#ลาว| |#ที่|#ระบาด|#อย่างหนัก| |#เข้ามา|#ในประเทศ|#เตรียมพัง|#ทั้งประเทศ|ไม่ว่าอุตสาหกรรม|ไหนก็|ดอ|า|ไม่อยู่|เพราะพวกเขา|หนี|ตาย|มา|ไทย|แต่ไม่รู้ว่า|พวกเขา|ติด|โรค|แล้ว,-1,Hatespeech,Negative,#ถ้าปล่อย #แรงงาน #พม่า   #กัมพูชา   #ลาว   #ที่ #ระบาด #อย่างหนัก   #เข้ามา #ในประเทศ #เตรียมพัง #ทั้งประเทศ ไม่ว่าอุตสาหกรรม ไหนก็ ดอ า ไม่อยู่ เพราะพวกเขา หนี ตาย มา ไทย แต่ไม่รู้ว่า พวกเขา ติด โรค แล้ว,Anger
พม่าครองเมือง,พม่า|ครองเมือง,,0,Nonhatespeech,Negative,,disagreeable
"นกชนหิน ได้ชื่อว่าเป็น นักปลูกป่า ที่มีความสำคัญต่อระบบนิเวศ แต่น่าเสียดายที่พวกมันกำลังจะสูญพันธุ์ ทั้งที่เป็นสัตว์โบราณที่คาดว่ามีสายพันธุกรรมเก่าแก่ราว ๆ 45 ล้านปี ถึงขนาดนักอนุรักษ์นกให้สมญานามว่าเป็นบรรพบุรุษของนกเงือกแห่งเอเชียที่ยังมีชีวิตมาจนถึงปัจจุบัน . นกชนหินจะอาศัยอยู่ในป่าดงดิบ และกระจายพันธุ์ตั้งแต่ทางทางใต้ของประเทศไทย บางส่วนของพม่า เรื่อยไปจนถึงมาเลเซีย และอินโดนีเซีย ซึ่งกล่าวได้ว่ามันคือตัวแทนความมั่งคั่งด้านความหลากหลายของระบบนิเวศ . พวกมันช่วยกระจายเมล็ดพันธุ์พืชให้กับธรรมชาติและด้วยรัศมีการกินไกลหลายร้อยกิโลเมตร ทำให้เกิดการแพร่กระจายเมล็ดพันธุ์ไม้ไปทั่วผืนป่า (สามารถปลูกป่าได้ดีกว่ามนุษย์หลายเท่า) อีกทั้งความหลากหลายจากเมล็ดพันธุ์ที่มันกินก็ช่วยให้ระบบนิเวศเกิดความหลากหลายมากยิ่งขึ้นด้วย . นกชนหิน มีขนาดยาว 120 เซนติเมตร เป็นนกเงือกชนิดเดียวที่มีโหนกแข็งตัน คล้ายงาช้างสีแดงคล้ำ ขนตามตัวสีน้ำตาลเข้ม ท้องขาวนวล หางขาวมีแถบดำพาดขวางคล้ายหางนกกก มีขนหางยาวพิเศษ 2 เส้น ซึ่งยาวเกินส่วนหางออกไปถึง 50 เซนติเมตร ขอบปีกขาว ปากสั้นแข็งสีแดงคล้ำ ปลายปากสีเหลือง . ตัวผู้มีหนังเปลือยบริเวณคอสีแดงคล้ำ ตัวเมียส่วนนี้เป็นสีฟ้าอ่อนจนถึงสีน้ำเงิน ตัววัยรุ่นตัวผู้บริเวณคอสีแดงเรื่อ ตัวเมียส่วนนี้มีสีม่วง โหนกมีขนาดรูปมนสีน้ำตาลแดง ขนหางยังไม่เจริญเต็มที่ . นกชนหินปกติหากินระดับยอดไม้ ตัวผู้จะร้องเสียงดังมาก ตุ๊กตุ๊ก ทอดเป็นจังหวะ ร้องติดกันยาว เสียงร้องกระชั้นขึ้นเป็นลำดับ เมื่อสุดเสียงจะคล้ายกับเสียงหัวเราะ ประมาณ 4-5 ครั้ง เมื่อตกใจจะแผดเสียงสูงคล้ายเสียงแตร . เมื่อต่อสู้กันจะบินเอาโหนกชนกันกลางอากาศทำให้เกิดเสียงดัง อาหารหลักของมัน ได้แก่ ลูกไทร ส่วนอาหารจำพวกสัตว์ นอกจากแมลงต่างๆ แล้วนกชนหินยังล่าสัตว์อื่นๆ เช่น กิ้งก่า กระรอก และนก . นกชนหิน จะเริ่มปิดปากรังเดือนมีนาคม-เมษายน ลูกนกออกจากรังราวเดือนกรกฏาคม-สิงหาคม พบลักษณะรังจะพิเศษกว่านกเงือกชนิดอื่นๆ คือ รังจะเป็นปุ่มปมยื่นออกมา ทำรังในต้นตะเคียน กาลอ ตอแล พฤติกรรมการเลี้ยงลูกเป็นแบบพ่อนกเลี้ยงเพียงตัวเดียว โดยพ่อนกจะหาอาหารมาเลี้ยงลูกนกและแม่นก และจะเลี้ยงลูกได้เพียง 1 ตัวเท่านั้น . การตัดป่าไม้ทำลายป่าเป็นสาเหตุทำให้พวกมันไม่มีโพรงให้อาศัย ซึ่งทำให้สถานการณ์ของนกชนหินในประเทศไทยเปราะบางมากยิ่งขึ้น . นกชนหินเป็นสัตว์ป่าคุ้มครองประเภทที่ 1 และอนุสัญญาไซเตสจัดเอาไว้ในบัญชีที่ 1 ที่ได้รับการคุ้มครองตามกฎหมาย โดย IUCN Red List ได้จัดให้นกชนหินอยู่ในเกณฑ์ใกล้สูญพันธุ์อย่างยิ่ง (critically endangered  CR) . ดังนั้น เมื่อปีที่ผ่านมา ได้เกิดแคมเปญรณรงค์ ขอให้นกชนหินเป็นสัตว์ป่าสงวนอันดับที่ 20 ของไทย โดยเชิญชวนให้ประชาชนร่วมลงชื่อผ่านเว็บไซต์ change.org ซึ่งมีผู้ร่วมลงชื่อมากถึง 26,000 รายชื่อ . และได้ส่งถึงรัฐมนตรีว่าการกระทรวงทรัพยากรธรรมชาติและสิ่งแวดล้อม เพื่อให้พิจารณาเร่งประกาศพระราชกฤษฎีกากำหนดให้นกชนหินได้รับการขึ้นทะเบียนเป็นสัตว์ป่าสงวนลำดับที่ 20 ของประเทศไทย และมีแผนปฏิบัติการเพื่อการอนุรักษ์และฟื้นฟูประชากรนกชนหินในระยะยาวต่อไป . แต่จนบัดนี้ก็ยังไม่มีความคืบหน้า? . ไหนว่า..แม้แต่ปัญหาสิ่งแวดล้อมที่ยากที่สุดก็สามารถแก้ไขได้ด้วยวิธีที่ง่ายที่สุดคือการปลูกต้นไม้ อ้างอิง: https://bit.ly/2X6qmUX https://bit.ly/3oapwT2",นก|ชน|หิน| |ได้ชื่อว่า|เป็น|นักปลูกป่า| |ที่มีความ|สําคัญต่อ|ระบบนิเวศ|แต่น่าเสียดาย|ที่|พวกมัน|กําลังจะ|สูญพันธุ์| |ทั้งที่|เป็นสัตว์|โบราณ|ที่คาดว่า|มี|สาย|พันธุกรรม|เก่าแก่|ราว| |ๆ| |ล้าน|ปี| |ถึงขนาด|นัก|อนุรักษ์|นก|ให้|สม|ญ|า|นามว่า|เป็น|บรรพบุรุษ|ของ|นก|เงือก|แห่งเอเชีย|ที่|ยังมีชีวิต|มาจนถึง|ปัจจุบัน| |นก|ชน|หิน|จะ|อาศัยอยู่|ในป่า|ดง|ดิบ|และกระจาย|พันธุ์|ตั้งแต่|ทาง|ทางใต้|ของ|ประเทศไทย| |บางส่วน|ของพม่า| |เรื่อย|ไปจนถึง|มาเลเซีย|และอ|ินโดนีเซีย|ซึ่งกล่าว|ได้ว่า|มันคือ|ตัวแทน|ความ|มั่งคั่ง|ด้านความ|หลากหลาย|ของ|ระบบนิเวศ|พวกมันช่วย|กระจาย|เมล็ด|พันธุ์พืช|ให้กับ|ธรรมชาติ|และ|ด้วย|รัศมี|การกิน|ไกล|หลายร้อย|กิโลเมตร| |ทําให้เกิด|การ|แพร่กระจาย|เมล็ด|พันธุ์|ไม้|ไปทั่ว|ผืนป่า|อีกทั้งความ|หลากหลาย|จาก|เมล็ด|พันธุ์|ที่มัน|กิน|ก็|ช่วยให้|ระบบนิเวศ|เกิดความ|หลากหลาย|มาก|ยิ่งขึ้น|ด้วย| |นก|ชน|หิน| |มีขนาด|ยาว| |เซนติเมตร| |เป็น|นก|เงือก|ชนิด|เดียว|ที่มี|โหน|ก|แข็ง|ตัน| |คล้าย|งาช้าง|สีแดง|คล้ํา| |ขน|ตาม|ตัว|สีน้ําตาล|เข้ม| |ท้อง|ขาว|นวล| |หาง|ขาว|มี|แถบ|ดํา|พาด|ขวาง|คล้าย|หาง|นก|กก|มีขน|หาง|ยาว|พิเศษ| |เส้น|ซึ่งยาว|เกิน|ส่วน|หาง|ออกไป|ถึง| |เซนติเมตร| |ขอบ|ปีก|ขาว| |ปาก|สั้น|แข็ง|สีแดง|คล้ํา| |ปลาย|ปาก|สีเหลือง| |ตัวผู้|มี|หนัง|เปลือย|บริเวณ|คอ|สีแดง|คล้ํา| |ตัวเมีย|ส่วนนี้|เป็น|สีฟ้า|อ่อน|จนถึง|สีน้ําเงิน| |ตัว|วัยรุ่น|ตัวผู้|บริเวณ|คอ|สีแดง|เรื่อ| |ตัวเมีย|ส่วนนี้|มี|สีม่วง|โหนก|มีขนาด|รูป|มน|สีน้ําตาล|แดง| |ขน|หาง|ยังไม่|เจริญ|เต็มที่| |นก|ชน|หิน|ปกติ|หากิน|ระดับ|ยอด|ไม้| |ตัวผู้|จะ|ร้อง|เสียงดัง|มาก| |ตุ๊ก||ตุ๊ก|| |ทอด|เป็น|จังหวะ| |ร้อง|ติดกัน|ยาว| |เสียงร้อง|กระ|ชั้น|ขึ้น|เป็นลําดับ|เมื่อสุด|เสียง|จะ|คล้ายกับ|เสียง|หัวเราะ| |ประมาณ| |ครั้ง|เมื่อตกใจ|จะ|แผ|ด|เสียง|สูง|คล้าย|เสียง|แตร|เมื่อต่อสู้กัน|จะ|บิน|เอา|โหน|ก|ชนกัน|กลาง|อากาศ|ทําให้เกิด|เสียงดัง| |อาหาร|หลักของ|มัน| |ได้แก่|ลูกไทร|ส่วนอาหาร|จําพวก|สัตว์|นอกจากแมลง|ต่างๆ|แล้วนก|ชน|หิน|ยัง|ล่าสัตว์|อื่นๆ| |เช่น| |กิ้ง|ก่|า| |กระรอก|และนก| |นก|ชน|หิน| |จะเริ่ม|ปิดปาก|รัง|เดือน|มีนาคม|เมษายน|ลูกนก|ออกจาก|รัง|ราว|เดือน|กร|กฏ|า|คม|สิงหาคม|พบลักษณะ|รัง|จะ|พิเศษ|กว่า|นก|เงือก|ชนิด|อื่นๆ|คือ |รัง|จะเป็น|ปุ่ม|ปม|ยื่น|ออกมา|ทํารัง|ใน|ต้น|ตะเคียน| |กาล|อ| |ตอ|แล| |พฤติกรรม|การ|เลี้ยงลูก|เป็นแบบ|พ่อ|นก|เลี้ยง|เพียง|ตัวเดียว|โดยพ่อ|นก|จะหา|อาหาร|มา|เลี้ยงลูก|นก|และ|แม่|นก|และจะเลี้ยงลูก|ได้เพียง| |ตัว|เท่านั้น| |การตัด|ป่าไม้|ทําลายป่า|เป็นสาเหตุ|ทําให้|พวกมัน|ไม่มี|โพรง|ให้|อาศัย| |ซึ่งทําให้|สถานการณ์|ของ|นก|ชน|หิน|ใน|ประเทศไทย|เปราะบาง|มาก|ยิ่งขึ้น| |นก|ชน|หิน|เป็น|สัตว์ป่า|คุ้มครอง|ประเภท|ที่|และอนุสัญญา|ไซ|เต|ส|จัด|เอาไว้|ในบัญชี|ที่| |ที่|ได้รับการ|คุ้มครอง|ตามกฎหมาย|โดย |ได้|จัดให้|นก|ชน|หิน|อยู่ใน|เกณฑ์|ใกล้|สูญพันธุ์|อย่างยิ่ง|ดังนั้นเมื่อปีที่ผ่านม|า| |ได้เกิด|แคมเปญ|รณรงค์| ||ขอให้|นก|ชน|หิน|เป็นสัตว์|ป่าสงวน|อันดับที่| |ของไทย||โดยเชิญชวนให้|ประชาชน|ร่วม|ลงชื่อ|ผ่าน|เว็บไซต์| || |ซึ่งมี|ผู้ร่วม|ลงชื่อ|มากถึง| |รายชื่อ|และได้ส่ง|ถึง|รัฐมนตรีว่|า|การกระทรวง|ทรัพยากรธร|รมชาติและส|ิ่งแวดล้อม|เพื่อให้พิจารณา|เร่ง|ประกาศ|พระราช|กฤษฎีกา|กําหนดให้|นก|ชน|หิน|ได้รับการ|ขึ้น|ทะเบียน|เป็นสัตว์|ป่าสงวน|ลําดับที่| |ของ|ประเทศไทย|และมีแผน|ปฏิบัติการ|เพื่อการ|อนุรักษ์|และ|ฟื้นฟู|ประชากร|นก|ชน|หิน|ในระยะยาว|ต่อไป|แต่จน|บัดนี้|ก็ยังไม่มี|ความคืบหน้|า| |ไหน|ว่า|แม้แต่|ปัญหา|ส|ิ่งแวดล้อม|ที่|ยาก|ที่สุด|ก็สามารถ|แก้ไข|ได้ด้วย|วิธีที่|ง่าย|ที่สุดคือ|การ|ปลูกต้นไม้| |อ้างอิง,,0,Nonhatespeech,Positive,,Others
ญาณิตา นาคะเมฆ ไม่ได้ไ่ แต่บอกทางเลือกที่ดีให้ค่ะ เมื่อเขาไม่อบเมืองไทย ก็ไม่ควรต้องเปลี่ยนสิ่งใด เมื่อคนส่วนมาก เขาอยู่ได้ เขาไม่มีปัญหา เมื่อคนส่วนน้อยมีปัญหา ก็ไม่หาที่อื่นอยู่ จะได้ไม่ต้องวุ่นวาย เรื่องง่ายๆสงสาร เยบอกทางสว่างให้ ไม่อยากให้ทำเรื่องเล็กให้เป็นเรื่องใหญ่ แค่โยกย้ายไป ง่ายกว่าปรับเปลี่ยน เท่านั้น เพราะพื้นที่จะได้ว่าง พอให้พวกพม่า และเขมร ที่เขาอยากมาอยู่ เขารักแผ่นดินไทย ได้มีพื้นที่ได้อาศัย ใครไม่รักไป คนที่รักจะได้มา,ญาณ|ิต|า| |น|า|คะ|เมฆ|ไม่ได้ไ|่|แต่บอก|ทางเลือก|ที่ดี|ให้|ค่ะ|เมื่อเขาไม่|อบ|เมืองไทย| |ก็ไม่ควร|ต้อง|เปลี่ยน|สิ่งใด|เมื่อคน|ส่วนมาก|เขาอยู่ได้|เขาไม่มีปัญหา|เมื่อคน|ส่วนน้อย|มีปัญหา| |ก็ไม่|หา|ที่อื่น|อยู่| |จะได้|ไม่ต้อง|วุ่นวาย|เรื่องง่ายๆ|สงสาร| |เย|บอก|ทาง|สว่าง|ให้| |ไม่อยากให้|ทําเรื่อง|เล็ก|ให้เป็น|เรื่องใหญ่|แค่โยกย้าย|ไป| |ง่ายกว่า|ปรับ|เปลี่ยน| |เท่านั้น|เพราะพื้นที่|จะได้|ว่าง|พอให้|พวก|พม่า|และเขมร| |ที่เขา|อยาก|มาอยู่|เขารัก|แผ่นดิน|ไทย| |ได้|มีพื้นที่|ได้|อาศัย|ใครไม่รัก|ไป| |คนที่รัก|จะได้|มา,,1,Nonhatespeech,Neutral,,trust
ลูกหลานชาวพม่าสู้ๆๆๆนะค่ะ,ลูกหลาน|ชาวพม่า|สู้ๆๆ|ๆ|นะค่ะ,,1,Nonhatespeech,Neutral,,trust
เลิกโยนความผิดให้คนอื่น แล้วหันมาดูตัวเองบ้าง ว่าทำหน้าที่ดีหรึอยัง ไม่ว่าไทยหรึอพม่า สุดท้ายก็เรียก มนุษย์ เหมือนกัน,เลิกโยน|ความผิด|ให้คนอื่น|แล้วหันมา|ดู|ตัวเอง|บ้าง| |ว่า|ทําหน้าที่|ดี|ห|รึ|อ|ยัง|ไม่ว่าไทย|ห|รึ|อ|พม่า| |สุดท้ายก็|เรียก| |มนุษย์| |เหมือนกัน,,1,Nonhatespeech,Neutral,,trust
แอด ทำไมไม่พิมพ์หนุ่มแรงงานเพื่อนบ้านหรือหนุ่มแรงงานพม่า เลิกใช้ว่าต่างด้าวได้ใหมครับ,แอด|ทําไมไม่พิมพ์|หนุ่ม|แรงงาน|เพื่อนบ้าน|หรือ|หนุ่ม|แรงงาน|พม่า| |เลิกใช้|ว่า|ต่างด้าว|ได้|ใหม|ครับ,,0,Nonhatespeech,Negative,,disagreeable
เป็นกำลังใจให้นะค่ะคุณหมอ ทวีศิลป์นะค่ะ สู้ๆค่ะช่วยๆพวกเราก่อนนะค่ะ,เป็น|กําลังใจ|ให้|นะค่ะ|คุณหมอ| |ทวี|ศิลป์|นะค่ะ| |สู้ๆค่ะ|ช่วย|ๆ|พวกเรา|ก่อน|นะค่ะ,,1,Nonhatespeech,Neutral,,trust
ขอให้กำลังใจพี่น้องชาวไทยและพม่าทุกท่านนะครับ,ขอให้กําลังใจ|พี่น้อง|ชาวไทย|และ|พม่า|ทุกท่าน|นะครับ,,1,Nonhatespeech,Neutral,,trust
เพื่อนบ้านที่อยู่ไกล้ดีกว่าญาติที่อยู่ไกล พม่าเป็นเพื่อนบ้านที่ดีครับ,เพื่อนบ้าน|ที่อยู่|ไกล้|ดีกว่า|ญาติ|ที่|อยู่ไกล| |พม่า|เป็น|เพื่อนบ้าน|ที่|ดีครับ,,1,Nonhatespeech,Neutral,,trust
สมัยก่อนพม่าเผาอยุธยาสมัยนี้จะเผาทั้งประเทศไทยละเรือดำน้ำช่วยอะไรไม่ได้หลายหมื่นล้าน,สมัยก่อน|พม่า|เผา|อยุธยา|สมัยนี้|จะ|เผา|ทั้ง|ประเทศไทย|ละ|เรือ|ดําน้ํา|ช่วยอะไร|ไม่ได้|หลาย|หมื่นล้าน,สมัยก่อน|#พม่า|เผา|อยุธยา|สมัยนี้|จะ|#เผา|ทั้ง|#ประเทศไทย|ละ|เรือ|ดําน้ำ|ช่วยอะไร|ไม่ได้|หลาย|หมื่นล้าน,-1,Hatespeech,Negative,สมัยก่อน #พม่า เผา อยุธยา สมัยนี้ จะ #เผา ทั้ง #ประเทศไทย ละ เรือ ดําน้ำ ช่วยอะไร ไม่ได้ หลาย หมื่นล้าน,disagreeable
วอนหน่อยงานตามนายจ้างและคนขับรถมาส่งให้เจอครับ ถึงเขาจะเป็นพม่าแต่เขาก้อเป็นคนครับมาทิ้งเขาเหมือนหมูเหมือนหมาแบบนี้ได้ยังไงไม่คิดถึงใจเขาใจเราบ้างที่นี่ไม่ใช่บ้านเขา...เขาจะเป็นยังไงทางก้อไม่รู้ กูอยู่ไหนก้อไม่รู้ ไม่รู้จะไปไหนต่อ ไม่กล้าขยับตัว เหมือนเราไปต่างประเทศอะครับแล้วโดนทิ้งแบบนี้เราจะทำยังไงต่อ ถ้าเป็นผม ผมก้อเอ๋อสิครับจะไปไหนจะทำยังไงจะนั่งรถเมล์สายไหน สถานที่นี้เรียกว่าอะไร เขาน่าสงสารครับ เอาให้หนักครับนายจ้างสันดารเลว...และคนที่อยู่ระแวกโรงงานก้อไม่ต้องไปยุ่งกับไอห่านายจ้างสันดารเลวคยนี้ครับ ใครเป็นเพื่อนมันก้อเลิกคบมันไปเลยครับใครทำธุระกิจกับมันก้อบี๊บก้อแบนมันเลยครับไม่ต้องเอามันมาร่วมเครือข่ายเอาให้โรงงานมันเจ๊งไปเลยครับ เพราะสันดารนายจ้างคนนี้คบไม่ได้ คบคนเพราะผลประโยชน์ พอหมดประโยชน์มันก้อถีบหัวส่ง ถ้าสันดารแบบนี้ไม่ว่าคนไทยหรือคนต่างประเทศ มันก้อเททิ้งหมดแหละครับ ถ้าหมดผลประโยชน์ เอาให้หนักครับอย่าให้มันมีที่ยืนสังคมครับ เลว ชาติชั่ว ชิงหมาเกิด,วอน|หน่อย|งาน|ตาม|นายจ้าง|และ|คนขับรถ|มา|ส่งให้|เจอ|ครับ| |ถึง|เขาจะ|เป็น|พม่า|แต่เขา|ก้อ|เป็นคน|ครับ|มา|ทิ้ง|เขา|เหมือน|หมู|เหมือน|หมา|แบบนี้|ได้ยังไง|ไม่|คิดถึง|ใจ|เขา|ใจเรา|บ้าง|ที่|นี่ไม่ใช่|บ้าน|เขา|เขาจะ|เป็นยังไง|ทาง|ก้อ|ไม่รู้|กูอยู่ไหน|ก้อ|ไม่รู้|ไม่รู้จะไปไหน|ต่อ| |ไม่กล้า|ขยับตัว|เหมือนเราไป|ต่างประเทศ|อะครับ|แล้ว|โดน|ทิ้ง|แบบนี้|เรา|จะทํายังไง|ต่อ|ถ้าเป็นผม|ผมก้อ|เอ๋อ|สิครับ|จะไปไหน|จะทํายังไง|จะ|นั่ง|รถเมล์|สาย|ไหน| |สถานที่|นี้|เรียกว่า|อะไร|เขาน่าสงสาร|ครับ|เอาให้|หนัก|ครับ|นายจ้าง|ส|ันดา|ร|เลว|และ|คนที่อยู่|ระ|แว|ก|โรงงาน|ก้อ|ไม่ต้องไป|ยุ่งกับ|ไอ|ห่า|นายจ้าง|ส|ันดา|ร|เลว|ค|ย|นี้|ครับ|ใครเป็นเพื่อน|มัน|ก้อ|เลิก|คบ|มันไป|เลยครับ|ใคร|ทําธุระ|กิจ|กับมัน|ก้อ|บี|๊บ|ก้อ|แบน|มัน|เลยครับ|ไม่ต้อง|เอา|มัน|มาร่วม|เครือข่าย|เอา|ให้|โรงงาน|มัน|เจ๊ง|ไป|เลยครับ|เพราะส|ันดา|ร|นายจ้าง|คนนี้|คบ|ไม่ได้| |คบ|คน|เพราะ|ผลประโยชน์|พอหมด|ประโยชน์|มัน|ก้อ|ถีบ|หัว|ส่ง|ถ้าส|ันดา|ร|แบบนี้|ไม่ว่า|คนไทย|หรือ|คน|ต่างประเทศ|มันก้อ|เท|ทิ้ง|หมด|แหละครับ|ถ้าหมด|ผลประโยชน์|เอาให้|หนัก|ครับ|อย่าให้|มันมี|ที่|ยืน|สังคม|ครับ| |เลว| |ชาติ|ชั่ว| |ชิง|หมา|เกิด,,0,Nonhatespeech,Positive,,Others
